kwartał,waluta,Przychody netto ze sprzedaży (tys.),Zysk (strata) z działal. oper. (tys.),Zysk (strata) brutto (tys.),Zysk (strata) netto (tys.)*,Amortyzacja (tys.) ,EBITDA (tys.),Aktywa (tys.),Kapitał własny (tys.)*,Liczba akcji (tys. szt.),Zysk na akcję (zł),Wartość księgowa na akcję (zł),Raport zbadany przez audytora ,TICKER
I Q 2023,EUR,23889000.0,4152000.0,13431000,3832000,2571000,0,1749402000,90563000,"16453995,012","5,504","0,156",N,SAN
II Q 2023,EUR,26033000.0,4125000.0,13087000,4258000,2670000,0,1780493000,93469000,"16184146,059","5,775","0,165",N,SAN
III Q 2023,EUR,28220000.0,4170000.0,14614000,4447000,2902000,0,1816844000,94196000,"16184146,059","5,820","0,179",N,SAN
IV Q 2023,EUR,27110000.0,3874000.0,14964000,3922000,2933000,0,1797062000,95423000,"16184146,059","5,896","0,181",N,SAN
I Q 2022,EUR,13972000.0,3747000.0,13554000,4171000,2543000,0,1666012000,90390000,"17080711,029","5,292","0,149",N,SAN
II Q 2022,EUR,16897000.0,4045000.0,11916000,3744000,2351000,0,1722840000,89511000,"16794401,584","5,330","0,140",N,SAN
III Q 2022,EUR,19449000.0,4094000.0,13508000,3846000,2422000,0,1815792000,91024000,"16794401,584","5,420","0,144",N,SAN
IV Q 2022,EUR,21112000.0,3981000.0,12252000,3489000,2289000,0,1734659000,89104000,"16794401,584","5,306","0,136",N,SAN
I Q 2021,EUR,10753000.0,3306000.0,11502000,3102000,1608000,0,1562879000,82466000,"16618114,582","4,962","0,097",N,SAN
II Q 2021,EUR,11180000.0,3370000.0,9681000,3812000,2067000,0,1568636000,85371000,"16618114,582","5,137","0,124",N,SAN
III Q 2021,EUR,11696000.0,3456000.0,11296000,3802000,2174000,0,1578295000,85388000,"16618114,582","5,138","0,131",N,SAN
IV Q 2021,EUR,12834000.0,3680000.0,11227000,3831000,2275000,0,1595835000,86930000,"16618114,582","5,231","0,137",N,SAN
I Q 2020,EUR,13208000.0,3765000.0,15345000,1891000,331000,0,1540359000,96378000,"16618114,582","5,800","0,020",N,SAN
II Q 2020,EUR,11291000.0,2951000.0,7960000,-8301000,-11129000,0,1572881000,82262000,"16618114,582","4,950","-0,670",N,SAN
III Q 2020,EUR,10632000.0,3110000.0,12916000,3139000,1750000,0,1514242000,81746000,"16618114,582","4,919","0,105",N,SAN
IV Q 2020,EUR,10610000.0,3198000.0,8024000,1195000,277000,0,1508250000,81476000,"16618114,582","4,903","0,017",N,SAN
I Q 2019,EUR,14280000.0,3746000.0,11390000,3602000,1840000,0,1506151000,98845000,"16236573,942","6,088","0,113",N,SAN
II Q 2019,EUR,14389000.0,3756000.0,10867000,2929000,1391000,0,1512096000,98629000,"16236573,942","6,074","0,086",N,SAN
III Q 2019,EUR,14089000.0,3893000.0,12354000,2181000,501000,0,1517885000,97947000,"16618114,582","5,894","0,030",N,SAN
IV Q 2019,EUR,14027000.0,3954000.0,13016000,3831000,2783000,0,1522695000,100071000,"16618114,582","6,022","0,167",N,SAN
I Q 2018,EUR,13340000.0,3738000.0,11619000,3689000,2054000,0,1438470000,94968000,"16040573,446","5,920","0,128",N,SAN
II Q 2018,EUR,0.0,0.0,11772000,3791000,1998000,0,1433833000,94050000,"16040573,446","5,863","0,125",N,SAN
III Q 2018,EUR,0.0,0.0,11494000,3750000,1990000,0,1444687000,94977000,"16040573,446","5,921","0,124",N,SAN
IV Q 2018,EUR,0.0,0.0,12455000,3546000,2022000,0,1459271000,96472000,"16236573,942","5,942","0,125",N,SAN
I Q 2017,EUR,0.0,0.0,11818000,3311000,1867000,0,1351956000,92584000,"12840461,578","7,210","0,145",N,SAN
II Q 2017,EUR,0.0,0.0,11808000,3273000,1749000,0,1445261000,88768000,"12840461,578","6,913","0,136",N,SAN
III Q 2017,EUR,0.0,0.0,11991000,3591000,1976000,0,1468030000,95899000,"16040573,446","5,979","0,123",N,SAN
IV Q 2017,EUR,0.0,0.0,11977000,3375000,1924000,0,1444305000,94489000,"16040573,446","5,891","0,120",N,SAN
I Q 2016,EUR,0.0,0.0,10525000,2731000,1633000,0,1324200000,87315000,"12840461,578","6,800","0,127",N,SAN
II Q 2016,EUR,0.0,0.0,10485000,2779000,1526000,0,1342906000,88610000,"12840461,578","6,901","0,119",N,SAN
III Q 2016,EUR,0.0,0.0,10835000,2940000,1695000,0,1329538000,88895000,"12840461,578","6,923","0,132",N,SAN
IV Q 2016,EUR,0.0,0.0,11146000,2838000,1766000,0,1339125000,90938000,"12840461,578","7,082","0,138",N,SAN
I Q 2015,EUR,0.0,0.0,11258000,2990000,1717000,0,1369689000,91915000,"12584414,659","7,304","0,136",N,SAN
II Q 2015,EUR,0.0,0.0,11239000,2998000,1709000,0,1339376000,91497000,"12840461,578","7,126","0,133",N,SAN
III Q 2015,EUR,0.0,0.0,11091000,2778000,1680000,0,1320427000,88320000,"12840461,578","6,878","0,131",N,SAN
IV Q 2015,EUR,0.0,0.0,11020000,2173000,1460000,0,1340260000,88040000,"12840461,578","6,856","0,114",N,SAN
I Q 2014,EUR,0.0,0.0,10090000,2148000,1303000,0,1168842000,72118000,"0,000",,,N,SAN
II Q 2014,EUR,0.0,0.0,10284000,2435000,1453000,0,1188169000,74917000,"0,000",,,N,SAN
III Q 2014,EUR,0.0,0.0,10862000,2556000,1605000,0,1241104000,77326000,"0,000",,,N,SAN
IV Q 2014,EUR,0.0,0.0,10858000,2580000,1455000,0,1266295000,80805000,"12584414,659","6,421","0,116",N,SAN
I Q 2013,EUR,0.0,0.0,10656000,2141000,1205000,0,1295794000,73145000,"0,000",,,N,SAN
II Q 2013,EUR,0.0,0.0,10713000,1813000,1050000,0,1239415000,71299000,"0,000",,,N,SAN
III Q 2013,EUR,0.0,0.0,10239000,1856000,1055000,0,1210198000,71821000,"0,000",,,N,SAN
IV Q 2013,EUR,0.0,0.0,9928000,1554000,864000,0,1134128000,70327000,"0,000",,,N,SAN
I Q 2012,EUR,0.0,0.0,11172000,2556000,1627000,0,1282838000,73886000,"0,000",,,N,SAN
II Q 2012,EUR,0.0,0.0,10853000,2310000,123000,0,1292052000,71752000,"0,000",,,N,SAN
III Q 2012,EUR,0.0,0.0,10647000,2104000,122000,0,1300006000,72721000,"0,000",,,N,SAN
IV Q 2012,EUR,0.0,0.0,10209000,1512000,423000,0,1269598000,71860000,"0,000",,,N,SAN
II Q 2011,EUR,0.0,0.0,10614000,2119000,1393000,0,1231908000,73532000,"0,000",,,N,SAN
III Q 2011,EUR,0.0,0.0,10550000,2661000,1803000,0,1250476000,72625000,"0,000",,,N,SAN
IV Q 2011,EUR,,,10257000,3092000,2108000,0,1208563000,73777000,"999999999,999",,,N,SAN
IV Q 2011,EUR,0.0,0.0,10397000,2440000,47000,0,1251525000,76414000,"0,000",,,N,SAN
IV Q 2008,EUR,0.0,0.0,0,0,0,0,1049632000,57587000,"0,000",,,N,SAN
IV Q 2009,EUR,0.0,0.0,0,0,0,0,1110529000,68666000,"0,000",,,N,SAN
IV Q 2010,EUR,0.0,0.0,0,0,0,0,1217501000,75019000,"0,000",,,N,SAN
I Q 2011,EUR,0.0,0.0,10257000,3092000,2108000,0,1208563000,73777000,"0,000",,,N,SAN
IV Q 2007,,0.0,0.0,0,0,0,0,912915000,55199000,"0,000",,,N,SAN
I Q 2023,PLN,51800.0,6241.0,44053,5943,4517,2795,659023,220324,"189767,342","1,161","0,024",N,GTN
II Q 2023,PLN,49549.0,6298.0,40826,10959,7551,2288,498248,102211,"189767,342","0,539","0,040",N,GTN
III Q 2023,PLN,61773.0,6157.0,57415,-2995,-7232,2360,587452,103347,"189767,342","0,545","-0,038",N,GTN
IV Q 2023,PLN,69814.0,5784.0,60595,56430,22470,2481,616628,107054,"189767,342","0,564","0,118",N,GTN
I Q 2022,PLN,86326.0,11264.0,71408,-216985,-218335,3538,1095428,442028,"7590693,680","0,058","-0,029",N,GTN
II Q 2022,PLN,76247.0,4893.0,77634,595,-5720,3211,1009468,234751,"189767,342","1,237","-0,030",N,GTN
III Q 2022,PLN,51013.0,6120.0,47677,14681,23195,2342,917697,217852,"189767,342","1,148","0,122",N,GTN
IV Q 2022,PLN,40558.0,4964.0,30341,-28084,-17881,2369,691288,215808,"189767,342","1,137","-0,094",N,GTN
I Q 2021,PLN,63138.0,15208.0,61182,23739,13901,8499,4315717,652827,"7590693,680","0,086","0,002",N,GTN
II Q 2021,PLN,69652.0,17169.0,70437,19845,-167049,6376,3807297,628939,"7590693,680","0,083","-0,022",N,GTN
III Q 2021,PLN,83562.0,19490.0,83990,31588,32239,6730,3989122,691218,"7590693,680","0,091","0,004",N,GTN
IV Q 2021,PLN,96123.0,19097.0,82392,22641,-10836,4624,1455497,662274,"7590693,680","0,087","-0,001",N,GTN
I Q 2020,PLN,110865.0,33540.0,116368,30191,-200599,25890,21110688,805368,"7590693,680","0,106","-0,026",N,GTN
II Q 2020,PLN,73311.0,11824.0,64468,2235,6111,20867,19918558,810731,"7590693,680","0,107","0,001",N,GTN
III Q 2020,PLN,61827.0,16329.0,52306,4631,8853,18780,19200832,786817,"7590693,680","0,104","0,001",N,GTN
IV Q 2020,PLN,-218268.0,-51435.0,-201452,-51763,-161617,13515,4323797,625112,"7590693,680","0,082","-0,021",N,GTN
I Q 2019,PLN,355934.0,83561.0,233801,-43116,-23741,24549,25687533,816715,"7590693,680","0,108","-0,003",N,GTN
II Q 2019,PLN,414288.0,63731.0,291350,11428,35446,27582,25662216,800872,"7590693,680","0,106","0,005",N,GTN
III Q 2019,PLN,391231.0,66506.0,270731,74847,46936,26474,24101561,871334,"7590693,680","0,115","0,006",N,GTN
IV Q 2019,PLN,-744119.0,-61796.0,-348769,80811,42678,26536,22927195,886427,"7590693,680","0,117","0,006",N,GTN
I Q 2018,PLN,382838.0,117366.0,327034,46992,24522,14583,27777844,1906229,"7590693,680","0,251","0,003",N,GTN
II Q 2018,PLN,393677.0,118064.0,99852,-377594,-184032,15950,28226395,1718068,"7590693,680","0,226","-0,024",N,GTN
III Q 2018,PLN,416319.0,109344.0,278815,26434,15204,14918,28089939,1676443,"7590693,680","0,221","0,002",N,GTN
IV Q 2018,PLN,335617.0,51699.0,118971,-1019963,-814198,10714,25143684,750728,"7590693,680","0,099","-0,107",N,GTN
I Q 2017,PLN,402001.0,158757.0,367019,56820,17176,15734,26486420,2121742,"7312893,680","0,290","0,002",N,GTN
II Q 2017,PLN,426061.0,146766.0,390082,104151,46838,15337,27091147,2109101,"7312893,680","0,288","0,006",N,GTN
III Q 2017,PLN,391470.0,190986.0,367204,192184,88240,15179,27562314,2233874,"7590693,680","0,294","0,012",N,GTN
IV Q 2017,PLN,408168.0,88653.0,319386,77881,35499,12529,27941154,2120271,"7590693,680","0,279","0,005",N,GTN
I Q 2016,PLN,353397.0,137996.0,288318,32659,33331,15163,22694830,1795728,"7312893,680","0,246","0,005",N,GTN
II Q 2016,PLN,365550.0,134248.0,288895,266302,168004,11209,23604298,2001557,"7312893,680","0,274","0,023",N,GTN
III Q 2016,PLN,395576.0,155771.0,341866,96093,36624,14653,24704072,2030387,"7312893,680","0,278","0,005",N,GTN
IV Q 2016,PLN,400211.0,126422.0,356303,57677,15372,17438,25839176,2067291,"7312893,680","0,283","0,002",N,GTN
I Q 2015,PLN,360393.0,116539.0,255827,27298,34992,15623,20688476,1930940,"7312893,680","0,264","0,005",N,GTN
II Q 2015,PLN,359392.0,155468.0,271702,7287,38887,14494,20798639,1914432,"7312893,680","0,262","0,005",N,GTN
III Q 2015,PLN,352308.0,178369.0,305924,49151,46931,15730,21523805,1821263,"7312893,680","0,249","0,006",N,GTN
IV Q 2015,PLN,378050.0,130517.0,297815,-12055,6024,20710,23163748,1777508,"7312893,680","0,243","0,001",N,GTN
I Q 2014,PLN,364203.0,147439.0,284714,51456,32298,12381,13423375,2100516,"7312350,420","0,287","0,004",N,GTN
II Q 2014,PLN,379732.0,122754.0,316140,66630,41317,12091,15807608,2069238,"7312350,420","0,283","0,006",N,GTN
III Q 2014,PLN,450554.0,125795.0,316288,179286,106042,13103,19215508,2211549,"7312893,680","0,302","0,015",N,GTN
IV Q 2014,PLN,425979.0,177278.0,358129,11935,-5739,26125,20124409,2009349,"7312893,680","0,275","-0,001",N,GTN
I Q 2013,PLN,340844.0,102595.0,222224,49900,38022,10497,10595354,1931157,"7328004,340","0,264","0,005",N,GTN
II Q 2013,PLN,327304.0,151375.0,273352,87612,65997,10435,11441261,1922617,"7311004,340","0,263","0,009",N,GTN
III Q 2013,PLN,352040.0,143302.0,260972,60063,63217,11032,12963644,2033458,"7311661,330","0,278","0,009",N,GTN
IV Q 2013,PLN,419186.0,111320.0,289282,80474,79172,18349,13347396,2049169,"7312350,420","0,280","0,011",N,GTN
I Q 2012,PLN,239855.0,97937.0,359072,114526,77301,7987,12166940,1397994,"7319944,020","0,191","0,011",N,GTN
II Q 2012,PLN,242586.0,101990.0,344019,624261,422875,8765,0,0,"7319944,020","0,000","0,058",N,GTN
III Q 2012,PLN,250346.0,122335.0,202452,44693,39372,9714,8556277,1847805,"7319944,020","0,252","0,005",N,GTN
IV Q 2012,PLN,314136.0,60897.0,161493,5211,41894,8506,9760489,1829269,"7328004,340","0,250","0,006",N,GTN
I Q 2011,PLN,874854.0,245714.0,695568,143972,88719,18298,49829426,4471880,"7137853,190","0,627","0,012",N,GTN
II Q 2011,PLN,965650.0,241733.0,775199,869745,731846,46986,0,0,"7137853,190","0,000","0,103",N,GTN
III Q 2011,PLN,1082014.0,266163.0,872882,156308,93615,11089,60137746,5553648,"7137853,190","0,778","0,013",N,GTN
IV Q 2011,PLN,1228325.0,245384.0,855789,146741,90620,2064,61803513,5663471,"7319944,020","0,774","0,012",N,GTN
I Q 2010,PLN,719294.0,165415.0,554701,63690,110221,14642,38118960,3935716,"7124159,810","0,552","0,015",N,GTN
II Q 2010,PLN,55002.0,25442.0,168407,102574,104811,15861,0,0,"7124159,810","0,000","0,015",N,GTN
III Q 2010,PLN,784149.0,211286.0,611350,83803,56084,16449,42482864,4112283,"7137853,190","0,576","0,008",N,GTN
IV Q 2010,PLN,838024.0,266083.0,730882,215105,149975,17644,46854411,4432746,"7137853,190","0,621","0,021",N,GTN
I Q 2009,PLN,758325.0,148279.0,661660,150365,103180,14986,34084484,3692225,"7109303,540","0,519","0,015",N,GTN
II Q 2009,PLN,666727.0,137097.0,484911,118244,80451,14573,34275100,3771989,"7109303,540","0,531","0,011",N,GTN
III Q 2009,PLN,702119.0,122766.0,435219,58817,45994,15462,35519571,3761226,"7109303,540","0,529","0,006",N,GTN
IV Q 2009,PLN,692555.0,180023.0,486236,30207,46399,17654,35559331,3828820,"7124159,810","0,537","0,007",N,GTN
I Q 2008,PLN,381319.0,67676.0,453897,165305,126846,10528,21528732,3219092,"7097869,860","0,454","0,018",N,GTN
II Q 2008,PLN,529970.0,82636.0,570866,210049,151292,11218,23464757,3366461,"7097869,860","0,474","0,021",N,GTN
III Q 2008,PLN,631984.0,93435.0,604080,226110,165170,13524,26685351,3532523,"7097869,860","0,498","0,023",N,GTN
IV Q 2008,PLN,636142.0,66699.0,535790,99563,65215,13056,31024684,3594427,"7109303,540","0,506","0,009",N,GTN
I Q 2007,PLN,214062.0,88305.0,240016,104268,80059,7997,12511102,2136905,"6449232,580","0,331","0,012",N,GTN
II Q 2007,PLN,267796.0,86249.0,333559,392600,325171,9471,16610608,2903992,"7089955,000","0,410","0,046",N,GTN
III Q 2007,PLN,300347.0,96860.0,404428,152451,110613,9650,18118066,3013066,"7089955,000","0,425","0,016",N,GTN
IV Q 2007,PLN,361224.0,47296.0,388070,153097,110521,10405,0,0,"7097869,860","0,000","0,016",N,GTN
I Q 2006,PLN,146098.0,31440.0,136608,31872,23309,6565,0,0,"5353280,000","0,000","0,004",N,GTN
II Q 2006,PLN,160355.0,56295.0,170856,62951,56219,6488,9074241,1179973,"5353280,000","0,220","0,011",N,GTN
III Q 2006,PLN,169986.0,57809.0,180136,62556,43566,6384,9855997,1248039,"5578117,760","0,224","0,008",N,GTN
IV Q 2006,PLN,190996.0,58478.0,181860,47776,37132,10074,12045140,2056188,"6449232,580","0,319","0,006",N,GTN
I Q 2005,PLN,104580.0,,15099,18089,10015,425,5224445,425581,"315000,000","1,351","0,032",N,GTN
II Q 2005,PLN,119844.0,,10375,29697,16172,0,5951949,798591,"315000,000","2,535","0,051",N,GTN
III Q 2005,PLN,118701.0,17875.0,93235,14898,10947,4219,0,0,"5343350,000","0,000","0,002",N,GTN
IV Q 2005,PLN,141917.0,28798.0,133614,51129,45547,6556,7718004,1107180,"5353280,000","0,207","0,009",N,GTN
I Q 2004,PLN,176.0,,-1563,-313,-292,425,57872,57294,"70000,000","0,818","-0,004",N,GTN
II Q 2004,PLN,0.0,0.0,0,0,0,0,3358704,387607,"3150000,000","0,123","0,000",N,GTN
III Q 2004,PLN,0.0,0.0,0,9669,4038,7215,3365693,391915,"3150000,000","0,124","0,001",N,GTN
IV Q 2004,PLN,0.0,0.0,0,3900,272,7731,4606437,409312,"3150000,000","0,130","0,000",N,GTN
II Q 2003,,0.0,0.0,0,0,0,0,63371,61565,"160000,000","0,385","0,000",N,GTN
III Q 2003,,0.0,0.0,0,-1006,-1013,386,61582,60552,"700000,000","0,087","-0,001",N,GTN
IV Q 2003,,0.0,0.0,0,-2585,-2422,389,58874,58130,"700000,000","0,083","-0,003",N,GTN
IV Q 2022,PLN,10047000.0,3000.0,-482000,-529000,581000,584000,45320000,16581000,"1752549,394","-0,302","9,461",N,TPE
I Q 2023,PLN,13559000.0,1670000.0,1392000,1034000,533000,2203000,51026000,17553000,"1752549,394","0,590","10,016",N,TPE
II Q 2023,PLN,9723000.0,1452000.0,1134000,839000,553000,2005000,47700000,18289000,"1752549,394","0,479","10,436",N,TPE
III Q 2023,PLN,9160000.0,608000.0,489000,385000,556000,1164000,48898000,18609000,"1752549,394","0,220","10,618",N,TPE
IV Q 2021,PLN,7307000.0,344000.0,337000,-119000,532000,876000,40075000,16491000,"1752549,394","-0,068","9,410",N,TPE
I Q 2022,PLN,9620000.0,1322000.0,1207000,900000,537000,1859000,43148000,17530000,"1752549,394","0,514","10,003",N,TPE
II Q 2022,PLN,8081000.0,-350000.0,-482000,-273000,562000,212000,42676000,17471000,"1752549,394","-0,156","9,969",N,TPE
III Q 2022,PLN,8567000.0,-34000.0,-133000,-232000,536000,502000,44495000,17235000,"1752549,394","-0,132","9,834",N,TPE
IV Q 2020,PLN,5629051.0,-2654128.0,-3001268,-2566076,523057,-2131071,39696000,15834000,"1752549,394","-1,464","9,035",N,TPE
I Q 2021,PLN,6445000.0,1193000.0,1097000,839000,521000,1714000,41599248,16778066,"1752549,394","0,479","9,574",N,TPE
II Q 2021,PLN,5421000.0,-484000.0,-500000,-483000,536000,52000,38518457,16336078,"1752549,394","-0,276","9,321",N,TPE
III Q 2021,PLN,5991000.0,275000.0,191000,101000,512000,787000,38621258,16496663,"1752549,394","0,058","9,413",N,TPE
IV Q 2019,PLN,5090425.0,-1199435.0,-1292584,-985182,554036,-645399,41917765,18192226,"1752549,394","-0,562","10,380",N,TPE
I Q 2020,PLN,5467766.0,440092.0,231408,162066,485085,925177,42941080,18282475,"1752549,394","0,092","10,432",N,TPE
II Q 2020,PLN,4719012.0,116679.0,121067,-133984,514201,630880,40010337,17684743,"1752549,394","-0,076","10,091",N,TPE
III Q 2020,PLN,5034171.0,544357.0,469793,367994,494657,1039014,40518759,18070845,"1752549,394","0,210","10,311",N,TPE
IV Q 2018,PLN,4819946.0,-529100.0,-583548,-647979,471027,-58073,37097477,18295824,"1752549,394","-0,370","10,440",N,TPE
I Q 2019,PLN,5312809.0,701849.0,667879,535264,487394,1189243,38283421,18823135,"1752549,394","0,305","10,740",N,TPE
II Q 2019,PLN,4238729.0,250299.0,211010,136279,470783,721082,39183499,18970129,"1752549,394","0,078","10,824",N,TPE
III Q 2019,PLN,4696067.0,475903.0,378108,302731,479520,955423,41223119,19168281,"1752549,394","0,173","10,937",N,TPE
IV Q 2017,PLN,4550562.0,226531.0,275997,188466,437329,663860,35835016,18036446,"1752549,394","0,108","10,292",N,TPE
I Q 2018,PLN,4636886.0,850244.0,791098,636153,456351,1306595,35480795,18744706,"1752549,394","0,363","10,696",N,TPE
II Q 2018,PLN,4188648.0,59198.0,-65731,-69124,467191,526389,35052682,18686055,"1752549,394","-0,039","10,662",N,TPE
III Q 2018,PLN,4476268.0,355497.0,362828,285830,444372,799869,36455026,18967636,"1752549,394","0,163","10,823",N,TPE
IV Q 2016,PLN,4654899.0,275567.0,139075,92989,423475,699042,33456894,16649266,"1752549,394","0,053","9,500",N,TPE
I Q 2017,PLN,4591081.0,773553.0,819107,639830,410270,1183823,33216131,17273527,"1752549,394","0,365","9,856",N,TPE
II Q 2017,PLN,4166943.0,463641.0,421485,364337,416408,880049,33225894,17637954,"1752549,394","0,208","10,064",N,TPE
III Q 2017,PLN,4115965.0,342546.0,241063,188030,429461,772007,35619908,17844827,"1752549,394","0,107","10,182",N,TPE
IV Q 2015,PLN,4630199.0,-3433476.0,-3501450,-2883958,517983,-2915493,32071433,16018328,"1752549,394","-1,646","9,140",N,TPE
I Q 2016,PLN,4564505.0,457180.0,411595,323245,413618,870798,32250551,16349738,"1752549,394","0,184","9,329",N,TPE
II Q 2016,PLN,4276521.0,-313766.0,-378920,-319810,407754,93988,31661822,16056107,"1752549,394","-0,182","9,162",N,TPE
III Q 2016,PLN,4150564.0,382541.0,337111,271044,423879,806420,31913686,16348985,"1752549,394","0,155","9,329",N,TPE
IV Q 2014,PLN,4859798.0,283172.0,184543,132192,428601,711773,34559193,17966448,"1752549,394","0,075","10,252",N,TPE
I Q 2015,PLN,4789786.0,585571.0,574373,502043,435307,1020878,34172992,18482673,"1752549,394","0,286","10,546",N,TPE
II Q 2015,PLN,4466828.0,458731.0,284430,216481,435296,894027,34322074,18462754,"1752549,394","0,124","10,535",N,TPE
III Q 2015,PLN,4377627.0,487958.0,454876,358117,444194,932152,34949928,18837494,"1752549,394","0,204","10,749",N,TPE
IV Q 2013,PLN,4917418.0,220690.0,139023,92024,440010,660700,32355570,17327165,"1752549,394","0,053","9,887",N,TPE
I Q 2014,PLN,4887264.0,632434.0,557996,395930,455747,1088181,31670077,17814332,"1752549,394","0,226","10,165",N,TPE
II Q 2014,PLN,4339051.0,450020.0,368323,334360,456358,906378,31577237,17793054,"1752549,394","0,191","10,153",N,TPE
III Q 2014,PLN,4412231.0,464487.0,387353,318411,456211,920698,32137089,18106785,"1752549,394","0,182","10,332",N,TPE
IV Q 2012,PLN,6538742.0,332553.0,269096,207194,437699,770252,31273677,16306681,"1752549,394","0,118","9,305",N,TPE
I Q 2013,PLN,5164102.0,789400.0,737996,559158,432521,1221921,30749673,16800448,"1752549,394","0,319","9,586",N,TPE
II Q 2013,PLN,4542422.0,400374.0,349572,290074,431124,831498,30689681,16766721,"1752549,394","0,166","9,567",N,TPE
III Q 2013,PLN,4540102.0,523602.0,459739,367062,423414,947016,31425277,17143926,"1752549,394","0,209","9,782",N,TPE
IV Q 2011,PLN,5588381.0,324564.0,318798,250612,361617,686181,28526996,15632321,"1752549,394","0,143","8,920",N,TPE
I Q 2012,PLN,6454853.0,558540.0,499212,381164,416352,974892,28852487,16054855,"1752549,394","0,217","9,161",N,TPE
II Q 2012,PLN,5859133.0,694865.0,643815,475837,411336,1106201,28968106,15964308,"1752549,394","0,272","9,109",N,TPE
III Q 2012,PLN,5900257.0,579171.0,537188,412196,420817,999988,29676658,16336651,"1752549,394","0,235","9,322",N,TPE
IV Q 2010,PLN,4478004.0,271331.0,211970,157058,329390,600721,23430284,14704825,"3154588,909","0,050","4,661",N,TPE
I Q 2011,PLN,5299075.0,510995.0,487037,382471,349588,860583,22789982,15091762,"1752549,394","0,218","8,611",N,TPE
II Q 2011,PLN,5032069.0,427083.0,428367,321562,348244,775327,23404475,15157415,"1752549,394","0,183","8,649",N,TPE
III Q 2011,PLN,4835697.0,382862.0,366795,290471,351648,734510,23461511,15459848,"1752549,394","0,166","8,821",N,TPE
IV Q 2009,PLN,3663573.0,254204.0,217726,163140,328982,583186,22155493,11858566,"2797256,712","0,058","4,239",N,TPE
I Q 2010,PLN,3794333.0,476046.0,449729,291813,346604,822650,21807983,12144911,"2797256,712","0,104","4,342",N,TPE
II Q 2010,PLN,3465956.0,306705.0,271729,189954,341924,648629,22016702,12507950,"2860989,772","0,066","4,372",N,TPE
III Q 2010,PLN,3690586.0,345177.0,324122,219831,340860,686037,22515176,12722949,"2860989,772","0,077","4,447",N,TPE
IV Q 2007,PLN,0.0,0.0,0,0,0,0,20247698,11026782,"2797256,712","0,000","3,942",N,TPE
IV Q 2008,PLN,0.0,0.0,0,0,0,0,20823133,11125910,"2797256,712","0,000","3,977",N,TPE
I Q 2009,PLN,3549505.0,334666.0,305859,186024,324642,659308,0,0,"2797256,712","0,067","0,000",N,TPE
III Q 2009,PLN,3251762.0,354776.0,333429,203709,342954,697730,0,0,"2797256,712","0,073","0,000",N,TPE
I Q 2023,PLN,3139000.0,392000.0,330000,270000,618000,1010000,25697000,13554000,"1312357,479","0,206","10,328",N,OPL
II Q 2023,PLN,3224000.0,343000.0,298000,239000,650000,993000,26139000,13229000,"1312357,479","0,182","10,080",N,OPL
III Q 2023,PLN,3115000.0,377000.0,290000,237000,626000,1003000,25698000,13429000,"1312357,479","0,181","10,233",N,OPL
IV Q 2023,PLN,3492000.0,109000.0,90000,72000,677000,786000,26826000,13444000,"1312357,479","0,055","10,244",N,OPL
I Q 2022,PLN,2931000.0,244000.0,156000,125000,627000,871000,26238000,12983000,"1312357,479","0,095","9,893",N,OPL
II Q 2022,PLN,3055000.0,337000.0,269000,243000,629000,966000,26554000,13245000,"1312357,479","0,185","10,093",N,OPL
III Q 2022,PLN,3123000.0,324000.0,238000,193000,639000,963000,26394000,13579000,"1312357,479","0,147","10,347",N,OPL
IV Q 2022,PLN,3379000.0,256000.0,204000,163000,646000,902000,26766000,13451000,"1312357,479","0,124","10,249",N,OPL
I Q 2021,PLN,2918000.0,116000.0,50000,39000,691000,807000,24207000,10681000,"1312357,479","0,030","8,139",N,OPL
II Q 2021,PLN,2954000.0,224000.0,179000,116000,660000,884000,23733000,10809000,"1312357,479","0,088","8,236",N,OPL
III Q 2021,PLN,2885000.0,1856000.0,1770000,1586000,665000,2521000,25401000,12431000,"1312357,479","1,209","9,472",N,OPL
IV Q 2021,PLN,3171000.0,15000.0,-69000,-69000,714000,729000,26157000,12609000,"1312357,479","-0,053","9,608",N,OPL
I Q 2020,PLN,2804000.0,88000.0,-44000,-38000,714000,802000,24199000,10484000,"1312357,479","-0,029","7,989",N,OPL
II Q 2020,PLN,2828000.0,109000.0,60000,52000,744000,853000,24610000,10537000,"1312357,479","0,040","8,029",N,OPL
III Q 2020,PLN,2793000.0,150000.0,67000,53000,728000,878000,24189000,10610000,"1312357,479","0,040","8,085",N,OPL
IV Q 2020,PLN,3083000.0,57000.0,-21000,-21000,759000,816000,24300000,10597000,"1312357,479","-0,016","8,075",N,OPL
I Q 2019,PLN,2778000.0,71000.0,-3000,-2000,654000,725000,24011000,10492000,"1312357,479","-0,002","7,995",N,OPL
II Q 2019,PLN,2759000.0,139000.0,66000,52000,667000,806000,24475000,10533000,"1312357,479","0,040","8,026",N,OPL
III Q 2019,PLN,2870000.0,378000.0,271000,222000,694000,1072000,24152000,10752000,"1312357,479","0,169","8,193",N,OPL
IV Q 2019,PLN,2999000.0,-176000.0,-224000,-187000,801000,625000,24922000,10555000,"1312357,479","-0,142","8,043",N,OPL
I Q 2018,PLN,2710000.0,33000.0,-53000,-50000,641000,674000,23103000,10448000,"1312357,479","-0,038","7,961",N,OPL
II Q 2018,PLN,2706000.0,73000.0,-14000,-16000,636000,709000,23237000,10446000,"1312357,479","-0,012","7,960",N,OPL
III Q 2018,PLN,2755000.0,175000.0,114000,91000,617000,792000,22929000,10530000,"1312357,479","0,069","8,024",N,OPL
IV Q 2018,PLN,2930000.0,64000.0,-7000,-15000,647000,711000,23295000,10501000,"1312357,479","-0,011","8,002",N,OPL
I Q 2017,PLN,2818000.0,109000.0,38000,39000,639000,748000,22141000,10015000,"1312357,479","0,030","7,631",N,OPL
II Q 2017,PLN,2839000.0,169000.0,83000,71000,642000,811000,22576000,10089000,"1312357,479","0,054","7,688",N,OPL
III Q 2017,PLN,2814000.0,128000.0,40000,28000,643000,771000,22675000,10131000,"1312357,479","0,021","7,720",N,OPL
IV Q 2017,PLN,2910000.0,-177000.0,-236000,-198000,648000,471000,22933000,9936000,"1312357,479","-0,151","7,571",N,OPL
I Q 2016,PLN,2803000.0,215000.0,119000,98000,653000,868000,24455000,12044000,"1312357,479","0,075","9,177",N,OPL
II Q 2016,PLN,2903000.0,142000.0,46000,17000,683000,825000,24446000,11774000,"1312357,479","0,013","8,972",N,OPL
III Q 2016,PLN,2851000.0,137000.0,58000,37000,695000,832000,23940000,11816000,"1312357,479","0,028","9,004",N,OPL
IV Q 2016,PLN,2981000.0,-1848000.0,-1936000,-1898000,694000,-1154000,22826000,10007000,"1312357,479","-1,446","7,625",N,OPL
I Q 2015,PLN,2930000.0,246000.0,188000,171000,710000,956000,21855000,12554000,"1312357,479","0,130","9,566",N,OPL
II Q 2015,PLN,3013000.0,232000.0,156000,126000,733000,965000,22186000,12074000,"1312357,479","0,096","9,200",N,OPL
III Q 2015,PLN,2971000.0,212000.0,136000,110000,716000,928000,21963000,12203000,"1312357,479","0,084","9,299",N,OPL
IV Q 2015,PLN,2926000.0,-118000.0,-199000,-153000,712000,594000,21652000,11975000,"1312357,479","-0,117","9,125",N,OPL
I Q 2014,PLN,2995000.0,200000.0,272000,271000,750000,950000,22499000,12908000,"1312357,479","0,206","9,836",N,OPL
II Q 2014,PLN,3084000.0,200000.0,83000,94000,794000,994000,22658000,12329000,"1312357,479","0,072","9,395",N,OPL
III Q 2014,PLN,3046000.0,277000.0,192000,140000,759000,1036000,21923000,12411000,"1312357,479","0,107","9,457",N,OPL
IV Q 2014,PLN,3087000.0,309000.0,35000,30000,770000,1079000,22104000,12396000,"1312357,479","0,023","9,446",N,OPL
I Q 2013,PLN,3267000.0,241000.0,107000,81000,791000,1032000,23572000,13043000,"1335649,021","0,061","9,765",N,OPL
II Q 2013,PLN,3303000.0,218000.0,110000,76000,783000,1001000,23196000,12459000,"1312357,479","0,058","9,494",N,OPL
III Q 2013,PLN,3196000.0,390000.0,272000,239000,775000,1165000,22775000,12716000,"1312357,479","0,182","9,689",N,OPL
IV Q 2013,PLN,3157000.0,-61000.0,-179000,-102000,758000,697000,22802000,12629000,"1312357,479","-0,078","9,623",N,OPL
I Q 2012,PLN,3520000.0,404000.0,296000,242000,819000,1223000,25284000,14492000,"1335649,021","0,181","10,850",N,OPL
II Q 2012,PLN,3667000.0,458000.0,331000,255000,834000,1292000,25069000,12670000,"1335649,021","0,191","9,486",N,OPL
III Q 2012,PLN,3472000.0,523000.0,377000,307000,801000,1324000,23927000,12945000,"1335649,021","0,230","9,692",N,OPL
IV Q 2012,PLN,3482000.0,189000.0,14000,51000,813000,1002000,24163000,12956000,"1335649,021","0,038","9,700",N,OPL
I Q 2011,PLN,3729000.0,367000.0,236000,189000,978000,1345000,28707000,14803000,"1335649,021","0,142","11,083",N,OPL
II Q 2011,PLN,3790000.0,-37000.0,1062000,994000,989000,952000,29705000,13793000,"1335649,021","0,744","10,327",N,OPL
III Q 2011,PLN,3679000.0,500000.0,389000,376000,900000,1400000,26968000,14200000,"1335649,021","0,282","10,632",N,OPL
IV Q 2011,PLN,3724000.0,203000.0,98000,358000,836000,1039000,28219000,14331000,"1335649,021","0,268","10,730",N,OPL
I Q 2010,PLN,3873000.0,474000.0,359000,285000,941000,1415000,29144000,16845000,"1335649,021","0,213","12,612",N,OPL
II Q 2010,PLN,3987000.0,507000.0,409000,324000,965000,1472000,29395000,15161000,"1335649,021","0,243","11,351",N,OPL
III Q 2010,PLN,3898000.0,-503000.0,-631000,-720000,941000,438000,27718000,14402000,"1335649,021","-0,539","10,783",N,OPL
IV Q 2010,PLN,3957000.0,430000.0,312000,218000,945000,1375000,28873000,14620000,"1335649,021","0,163","10,946",N,OPL
I Q 2009,PLN,4312000.0,610000.0,411000,328000,1060000,1670000,30433000,17580000,"1335649,021","0,246","13,162",N,OPL
II Q 2009,PLN,4185000.0,501000.0,436000,375000,1053000,1554000,30923000,15966000,"1335649,021","0,281","11,954",N,OPL
III Q 2009,PLN,4058000.0,529000.0,421000,327000,1048000,1577000,0,0,"1335649,021","0,245","0,000",N,OPL
IV Q 2009,PLN,4005000.0,457000.0,330000,251000,989000,1446000,29365000,16539000,"1335649,021","0,188","12,383",N,OPL
I Q 2008,PLN,4527000.0,940000.0,823000,681000,1067000,2007000,31915000,18457000,"1368773,241","0,498","13,484",N,OPL
II Q 2008,PLN,4520000.0,984000.0,900000,698000,1094000,2078000,31323000,17123000,"1368773,241","0,510","12,510",N,OPL
III Q 2008,PLN,4539000.0,915000.0,773000,630000,1061000,1976000,0,0,"1368773,241","0,460","0,000",N,OPL
IV Q 2008,PLN,4579000.0,474000.0,99000,179000,1095000,1569000,31234000,17217000,"1368773,241","0,131","12,578",N,OPL
I Q 2007,PLN,4440000.0,784000.0,644000,518000,1115000,1899000,31922000,18615000,"1400000,000","0,370","13,296",N,OPL
II Q 2007,PLN,4507000.0,677000.0,612000,495000,1133000,1810000,32332000,17092000,"1400000,000","0,354","12,209",N,OPL
III Q 2007,PLN,4647000.0,963000.0,817000,644000,1091000,2054000,0,0,"1400000,000","0,460","0,000",N,OPL
IV Q 2007,PLN,4650000.0,821000.0,757000,616000,1100000,1921000,32422000,17760000,"1400000,000","0,440","12,686",N,OPL
I Q 2006,PLN,4563000.0,877000.0,604000,505000,1115000,1992000,33771000,18420000,"1400000,000","0,361","13,157",N,OPL
II Q 2006,PLN,4642000.0,792000.0,678000,544000,1192000,1984000,33075000,17619000,"1400000,000","0,389","12,585",N,OPL
III Q 2006,PLN,4734000.0,1014000.0,836000,664000,1127000,2141000,0,0,"1400000,000","0,474","0,000",N,OPL
IV Q 2006,PLN,4686000.0,684000.0,516000,381000,1055000,1739000,32611000,18090000,"1400000,000","0,272","12,921",N,OPL
I Q 2005,PLN,4441000.0,975000.0,657000,412000,1105000,2080000,35273000,17977000,"1400000,000","0,294","12,841",N,OPL
II Q 2005,PLN,4601000.0,1070000.0,734000,455000,1002000,2072000,34446000,16503000,"1400000,000","0,325","11,788",N,OPL
III Q 2005,PLN,4614000.0,1170000.0,1098000,937000,1101000,2271000,0,0,"1400000,000","0,669","0,000",N,OPL
IV Q 2005,PLN,4686000.0,612000.0,481000,484000,1052000,1664000,35330000,17381000,"1400000,000","0,346","12,415",N,OPL
I Q 2004,PLN,4588000.0,1009000.0,836000,583000,1057000,2066000,0,0,"1400000,000","0,416","0,000",N,OPL
II Q 2004,PLN,4594000.0,919000.0,808000,571000,1053627,1972627,35234811,14555477,"1400000,000","0,408","10,397",N,OPL
III Q 2004,PLN,4682000.0,931000.0,892000,628000,1197726,2128726,36408594,15072657,"1400000,000","0,449","10,766",N,OPL
IV Q 2004,PLN,4666000.0,929000.0,741000,524000,985364,1914364,34861000,16145000,"1400000,000","0,374","11,532",N,OPL
I Q 2003,PLN,4491839.0,989710.0,248540,185999,1077665,2067375,35358362,12790686,"1400000,000","0,133","9,136",N,OPL
II Q 2003,PLN,4570885.0,895059.0,546196,269883,1096847,1991906,35961668,12918484,"1400000,000","0,193","9,227",N,OPL
III Q 2003,PLN,4562911.0,968824.0,653511,486655,1047949,2016773,36429193,13433909,"1400000,000","0,348","9,596",N,OPL
IV Q 2003,PLN,4705399.0,442664.0,40927,-24424,1118602,1561266,37032842,13425485,"1400000,000","-0,017","9,590",N,OPL
I Q 2002,PLN,4380378.0,828797.0,209510,104953,1027528,1856325,34831834,11996055,"1400000,000","0,075","8,569",N,OPL
II Q 2002,PLN,4418137.0,677954.0,-83592,-87180,1014390,1692344,35129569,11826269,"1400000,000","-0,062","8,447",N,OPL
III Q 2002,PLN,4579082.0,844360.0,350694,200739,1090513,1934873,35549645,12041785,"1400000,000","0,143","8,601",N,OPL
IV Q 2002,PLN,4607603.0,522233.0,520419,621879,1154108,1676341,36889183,12661160,"1400000,000","0,444","9,044",N,OPL
I Q 2001,PLN,4199076.0,949596.0,1058245,745225,892747,1842343,34137900,12129408,"1400000,000","0,532","8,664",N,OPL
II Q 2001,PLN,4314341.0,670157.0,606671,379392,932922,1603079,33662622,12585755,"1400000,000","0,271","8,990",N,OPL
III Q 2001,PLN,4336631.0,710902.0,-430751,-375018,982934,1693836,34621120,12212837,"1400000,000","-0,268","8,723",N,OPL
IV Q 2001,PLN,4479165.0,-300603.0,-53250,-137255,994619,694016,35545894,11896520,"1400000,000","-0,098","8,498",N,OPL
I Q 2000,PLN,3671307.0,890236.0,612613,415054,728351,1618587,27812984,10518697,"0,000",,,N,OPL
II Q 2000,PLN,3896290.0,777246.0,287403,192668,732082,1509328,28241640,10621273,"0,000",,,N,OPL
III Q 2000,PLN,3989215.0,965316.0,524371,350487,768475,1733791,28679023,10974846,"0,000",,,N,OPL
IV Q 2000,PLN,4322322.0,389844.0,527966,372323,839927,1229771,32914093,11362668,"1400000,000","0,266","8,116",N,OPL
II Q 1998,PLN,0.0,0.0,0,0,0,0,18571641,9044519,"0,000",,,N,OPL
IV Q 1998,PLN,0.0,0.0,0,0,0,0,24328472,9575712,"0,000",,,N,OPL
II Q 1999,PLN,0.0,0.0,0,0,0,0,23907162,9673337,"0,000",,,N,OPL
IV Q 1999,PLN,0.0,0.0,0,0,0,0,26466000,10104507,"0,000",,,N,OPL
 Q 0000,,4683534.0,870661.0,726257,532980,3748,874409,35036787,15601497,"1400000,000","0,381","11,144",N,OPL
IV Q 2022,PLN,5589000.0,6057000.0,-530000,2634000,814000,436119000,17489000,"863523,000","0,943","20,253",N,,PZU
I Q 2023,PLN,7746000.0,6723000.0,854000,3412000,1155000,445545000,27334000,"863523,000","1,338","31,654",N,,PZU
II Q 2023,PLN,6658000.0,6981000.0,1121000,4166000,1545000,441529000,26793000,"863523,000","1,789","31,028",N,,PZU
III Q 2023,PLN,6857000.0,6942000.0,1027000,4158000,1458000,466380000,28679000,"863523,000","1,688","33,212",N,,PZU
IV Q 2021,PLN,5860000.0,2482000.0,669000,2269000,963000,402129000,17080000,"863523,000","1,115","19,779",N,,PZU
I Q 2022,PLN,6131000.0,3195000.0,859000,2366000,884000,424559000,16967000,"863523,000","1,024","19,649",N,,PZU
II Q 2022,PLN,6191000.0,3573000.0,1042000,2167000,949000,429936000,14969000,"863523,000","1,099","17,335",N,,PZU
III Q 2022,PLN,6386000.0,2358000.0,1042000,438000,727000,432449000,15575000,"863523,000","0,842","18,037",N,,PZU
IV Q 2020,PLN,5707000.0,2214000.0,121000,1382000,721000,378974000,18777000,"863523,000","0,835","21,745",N,,PZU
I Q 2021,PLN,5686000.0,2532000.0,308000,1609000,880000,395418000,19374000,"863523,000","1,019","22,436",N,,PZU
II Q 2021,PLN,5831000.0,2420000.0,249000,1752000,754000,391342000,16916000,"863523,000","0,873","19,590",N,,PZU
III Q 2021,PLN,5855000.0,2121000.0,615000,1824000,739000,396433000,17440000,"863523,000","0,856","20,196",N,,PZU
IV Q 2019,PLN,5863000.0,2930000.0,587000,2024000,935000,343385000,16169000,"863523,000","1,083","18,724",N,,PZU
I Q 2020,PLN,5762000.0,1856000.0,986000,655000,116000,357215000,16199000,"863523,000","0,134","18,759",N,,PZU
II Q 2020,PLN,5690000.0,2293000.0,176000,400000,185000,376645000,16976000,"863523,000","0,214","19,659",N,,PZU
III Q 2020,PLN,5865000.0,2123000.0,444000,1621000,890000,373481000,17889000,"863523,000","1,031","20,716",N,,PZU
IV Q 2018,PLN,5629000.0,2471000.0,585000,1965000,786000,328554000,14925000,"863523,000","0,910","17,284",N,,PZU
I Q 2019,PLN,5592000.0,3018000.0,182000,1487000,747000,337625000,15798000,"863523,000","0,865","18,295",N,,PZU
II Q 2019,PLN,5742000.0,2595000.0,324000,1613000,734000,340079000,14311000,"863523,000","0,850","16,573",N,,PZU
III Q 2019,PLN,5893000.0,2755000.0,472000,1956000,879000,337169000,15350000,"863523,000","1,018","17,776",N,,PZU
IV Q 2017,PLN,5505000.0,2643000.0,160000,1698000,774000,317458000,14599000,"863523,000","0,896","16,906",N,,PZU
I Q 2018,PLN,5458000.0,2219000.0,463000,1316000,627000,318199000,14877000,"863523,000","0,726","17,228",N,,PZU
II Q 2018,PLN,5596000.0,2594000.0,415000,1740000,783000,321811000,13280000,"863523,000","0,907","15,379",N,,PZU
III Q 2018,PLN,5667000.0,2611000.0,694000,2065000,1017000,320117000,14169000,"863523,000","1,178","16,408",N,,PZU
IV Q 2016,PLN,4841000.0,876000.0,421000,1030000,626000,125296000,12998000,"863523,000","0,725","15,052",N,,PZU
I Q 2017,PLN,5072000.0,1679000.0,54000,1259000,940000,126684000,13929000,"863523,000","1,089","16,130",N,,PZU
II Q 2017,PLN,5275000.0,1355000.0,332000,918000,504000,295262000,13154000,"863523,000","0,584","15,233",N,,PZU
III Q 2017,PLN,5502000.0,2801000.0,-70000,1620000,683000,300245000,13905000,"863523,000","0,791","16,103",N,,PZU
IV Q 2015,PLN,4267330.0,328897.0,450931,664273,510505,105397000,12924000,"863523,000","0,591","14,967",N,,PZU
I Q 2016,PLN,4317000.0,1057000.0,189000,716000,492000,108283000,13401000,"863523,000","0,570","15,519",N,,PZU
II Q 2016,PLN,4669000.0,451000.0,496000,333000,168000,112945227,11771199,"863523,000","0,195","13,632",N,,PZU
III Q 2016,PLN,4798000.0,1230000.0,72000,909000,649000,112914000,12377000,"863523,000","0,752","14,333",N,,PZU
IV Q 2014,PLN,4286373.0,465597.0,164095,471227,403897,67572761,13166336,"863523,000","0,468","15,247",N,,PZU
I Q 2015,PLN,4307040.0,1024342.0,348504,1154205,941332,71741982,14083247,"863523,000","1,090","16,309",N,,PZU
II Q 2015,PLN,4436873.0,61631.0,539374,464749,380261,66079734,11852240,"863523,000","0,440","13,725",N,,PZU
III Q 2015,PLN,4373757.0,324130.0,398191,660773,510902,67500857,12365623,"863523,000","0,592","14,320",N,,PZU
IV Q 2013,PLN,4008529.0,653866.0,139563,664481,528206,62787304,13111290,"863523,000","0,612","15,183",N,,PZU
I Q 2014,PLN,3989741.0,542647.0,548791,979569,760446,65044581,13887303,"863523,000","0,881","16,082",N,,PZU
II Q 2014,PLN,4042858.0,827817.0,450215,1196584,959905,63821781,11916799,"863523,000","1,112","13,800",N,,PZU
III Q 2014,PLN,4110398.0,810846.0,400602,1044313,843483,67717196,12778233,"863523,000","0,977","14,798",N,,PZU
IV Q 2012,PLN,4055879.0,1135334.0,-617423,525814,415510,55909560,14190131,"863523,000","0,481","16,433",N,,PZU
I Q 2013,PLN,4107727.0,428867.0,640682,1054341,837908,58760432,14873401,"863523,000","0,970","17,224",N,,PZU
II Q 2013,PLN,4069513.0,540230.0,606357,1055069,837186,62598497,13208982,"863523,000","0,970","15,297",N,,PZU
III Q 2013,PLN,4063000.0,891592.0,577694,1346607,1090196,61863049,12601068,"863523,000","1,262","14,593",N,,PZU
IV Q 2011,PLN,3836039.0,553755.0,340059,614637,486927,52129282,12783162,"863523,000","0,564","14,803",N,,PZU
I Q 2012,PLN,3868858.0,872798.0,286134,1028914,822291,55328867,13702003,"863523,000","0,952","15,868",N,,PZU
II Q 2012,PLN,3997878.0,651106.0,496742,1093837,894642,54267604,12660569,"863523,000","1,036","14,662",N,,PZU
III Q 2012,PLN,4082625.0,1045491.0,417506,1390143,1122738,56800666,13719534,"863523,000","1,300","15,888",N,,PZU
IV Q 2010,PLN,3631880.0,591855.0,294203,710040,565062,50670557,12799800,"863523,000","0,654","14,823",N,,PZU
I Q 2011,PLN,3572134.0,474059.0,450103,961856,791799,53640564,13646489,"863523,000","0,917","15,803",N,,PZU
II Q 2011,PLN,3697565.0,605000.0,371289,934732,762164,57301278,12146354,"863523,000","0,883","14,066",N,,PZU
III Q 2011,PLN,3784790.0,-38988.0,443423,396350,304534,54234820,12334897,"863523,000","0,353","14,284",N,,PZU
IV Q 2009,PLN,3597730.0,890146.0,-46341,614660,562098,53176209,11266746,"0,000",,,N,,PZU
I Q 2010,PLN,3444564.0,909805.0,227380,982148,807415,52577500,12053128,"0,000",,,N,,PZU
II Q 2010,PLN,3558354.0,352335.0,120522,459293,362424,47575661,11338653,"863523,000","0,420","13,131",N,,PZU
III Q 2010,PLN,3578215.0,923779.0,57844,877950,704330,49240420,12191856,"863523,000","0,816","14,119",N,,PZU
IV Q 2008,PLN,0.0,0.0,0,0,0,59359041,20052222,"0,000",,,N,,PZU
I Q 2009,PLN,3614264.0,416719.0,1132807,1433347,1144648,58834318,21018108,"0,000",,,N,,PZU
II Q 2009,PLN,3615074.0,1086857.0,526559,1437801,1164201,58950458,22355817,"0,000",,,N,,PZU
III Q 2009,PLN,3658146.0,1075279.0,128298,1080003,891998,61247148,23393206,"0,000",,,N,,PZU
IV Q 2006,PLN,0.0,0.0,0,0,0,51329198,14325656,"0,000",,,N,,PZU
IV Q 2007,PLN,0.0,0.0,0,0,0,54682353,17835943,"0,000",,,N,,PZU
I Q 2023,PLN,7346000.0,1494000.0,5346000,1965000,1454000,327000,443982000,39258000,"1250000,000","31,406","1,163",N,PKO
II Q 2023,PLN,7808000.0,1527000.0,5526000,1034000,587000,337000,460842000,41138000,"1250000,000","32,910","0,470",N,PKO
III Q 2023,PLN,8016000.0,1625000.0,5936000,3837000,2781000,346000,472949000,45421000,"1250000,000","36,337","2,225",N,PKO
IV Q 2023,PLN,8047000.0,1655000.0,6473000,1726000,680000,361000,501516000,45238000,"1250000,000","36,190","0,544",N,PKO
I Q 2022,PLN,3758000.0,1411000.0,4255000,1879000,1426000,304000,421576000,35729000,"1250000,000","28,583","1,141",N,PKO
II Q 2022,PLN,5304000.0,1528000.0,4691000,891000,421000,315000,428843000,30955000,"1250000,000","24,764","0,337",N,PKO
III Q 2022,PLN,3457000.0,1587000.0,2027000,-360000,-253000,317000,438503000,31705000,"1250000,000","25,364","-0,202",N,PKO
IV Q 2022,PLN,7232000.0,1533000.0,5259000,2357000,1718000,331000,431447000,35721000,"1250000,000","28,577","1,374",N,PKO
I Q 2021,PLN,2480000.0,1279000.0,3549000,1477000,1177000,294000,384253000,40589000,"1250000,000","32,471","0,942",N,PKO
II Q 2021,PLN,2563000.0,1333000.0,3703000,1760000,1236000,300000,392622000,41075000,"1250000,000","32,860","0,989",N,PKO
III Q 2021,PLN,2654000.0,1469000.0,3742000,1697000,1258000,308000,403521000,41548000,"1250000,000","33,238","1,006",N,PKO
IV Q 2021,PLN,2871000.0,1515000.0,3983000,1579000,1203000,309000,418086000,37707000,"1250000,000","30,166","0,962",N,PKO
I Q 2020,PLN,3294000.0,1249000.0,3595000,797000,503000,293000,364638000,42505000,"1250000,000","34,004","0,402",N,PKO
II Q 2020,PLN,2976000.0,1143000.0,3537000,1220000,803000,293000,377196000,44066000,"1250000,000","35,253","0,642",N,PKO
III Q 2020,PLN,2684000.0,1265000.0,3531000,1084000,712000,287000,376617000,44788000,"1250000,000","35,830","0,570",N,PKO
IV Q 2020,PLN,2652000.0,1293000.0,3656000,908000,627000,299000,376966000,39924000,"1250000,000","31,939","0,502",N,PKO
I Q 2019,PLN,3031000.0,1075000.0,3418000,1234000,862000,240000,325833000,39739000,"1250000,000","31,791","0,690",N,PKO
II Q 2019,PLN,3117000.0,1198000.0,3554000,1729000,1217000,256000,328992000,39634000,"1250000,000","31,707","0,974",N,PKO
III Q 2019,PLN,3252000.0,1232000.0,3683000,1669000,1229000,286000,341551000,41045000,"1250000,000","32,836","0,983",N,PKO
IV Q 2019,PLN,3237000.0,1253000.0,3748000,1187000,723000,267000,347897000,41587000,"1250000,000","33,270","0,578",N,PKO
I Q 2018,PLN,2748000.0,972000.0,3107000,1076000,757000,206000,295095000,36569000,"1250000,000","29,255","0,606",N,PKO
II Q 2018,PLN,2837000.0,1010000.0,3241000,1239000,933000,201000,298667000,36788000,"1250000,000","29,430","0,746",N,PKO
III Q 2018,PLN,2933000.0,1021000.0,3294000,1393000,1042000,204000,306082000,37722000,"1250000,000","30,178","0,834",N,PKO
IV Q 2018,PLN,3076000.0,1039000.0,3380000,1370000,1009000,210000,324255000,39111000,"1250000,000","31,289","0,807",N,PKO
I Q 2017,PLN,2620000.0,929000.0,2896000,790000,525000,209000,288516000,33349000,"1250000,000","26,679","0,420",N,PKO
II Q 2017,PLN,2693000.0,961000.0,2955000,1137000,857000,211000,286389000,34352000,"1250000,000","27,482","0,686",N,PKO
III Q 2017,PLN,2781000.0,1018000.0,3079000,1202000,902000,211000,289961000,35352000,"1250000,000","28,282","0,722",N,PKO
IV Q 2017,PLN,2825000.0,1010000.0,3163000,1120000,820000,213000,296912000,36267000,"1250000,000","29,014","0,656",N,PKO
I Q 2016,PLN,2391000.0,843000.0,2625000,798000,639000,191000,267090768,31053874,"1250000,000","24,843","0,511",N,PKO
II Q 2016,PLN,2461000.0,912000.0,3113000,1136000,873000,203000,272442089,31610093,"1250000,000","25,288","0,698",N,PKO
III Q 2016,PLN,2518000.0,897000.0,2864000,1034000,769000,198000,275607790,32336663,"1250000,000","25,869","0,615",N,PKO
IV Q 2016,PLN,2595000.0,927000.0,2870000,815000,593000,209000,285573000,32585000,"1250000,000","26,068","0,474",N,PKO
I Q 2015,PLN,2432587.0,866574.0,2497786,810913,647181,206244,256583926,28286312,"1250000,000","22,629","0,518",N,PKO
II Q 2015,PLN,2355545.0,938780.0,2547434,854297,702878,199383,255523627,28753572,"1250000,000","23,003","0,562",N,PKO
III Q 2015,PLN,2433497.0,904340.0,2640265,1008733,815248,204473,254920430,29599770,"1250000,000","23,680","0,652",N,PKO
IV Q 2015,PLN,2436171.0,888606.0,2701715,516757,444193,208500,266939900,30283200,"1250000,000","24,227","0,355",N,PKO
I Q 2014,PLN,2466834.0,973556.0,2513744,1003325,802574,166881,203151990,25941161,"1250000,000","20,753","0,642",N,PKO
II Q 2014,PLN,2777805.0,1040693.0,2887168,1062893,855554,192086,242289427,26021852,"1250000,000","20,817","0,684",N,PKO
III Q 2014,PLN,2834330.0,983865.0,2825962,1094726,873375,192850,244446958,27009954,"1250000,000","21,608","0,699",N,PKO
IV Q 2014,PLN,2658462.0,926576.0,2697109,873619,722619,195347,248700589,27625566,"1250000,000","22,100","0,578",N,PKO
I Q 2013,PLN,2946494.0,921684.0,2486135,957929,786422,137870,196793124,25156596,"1250000,000","20,125","0,629",N,PKO
II Q 2013,PLN,2753547.0,923055.0,2473671,940922,752757,146117,197865473,23396709,"1250000,000","18,717","0,602",N,PKO
III Q 2013,PLN,2550751.0,995965.0,2485876,932676,752296,153775,201251358,24180670,"1250000,000","19,345","0,602",N,PKO
IV Q 2013,PLN,2512702.0,1085898.0,2651439,1212937,938318,141478,199231110,25152816,"1250000,000","20,122","0,751",N,PKO
I Q 2012,PLN,3257338.0,890740.0,2888211,1251447,1004787,134318,189732552,23630154,"1250000,000","18,904","0,804",N,PKO
II Q 2012,PLN,3229919.0,962956.0,2827492,1197807,948574,135304,190437871,23009657,"1250000,000","18,408","0,759",N,PKO
III Q 2012,PLN,3297130.0,955880.0,2880019,1144052,921016,137974,193247362,23771815,"1250000,000","19,017","0,737",N,PKO
IV Q 2012,PLN,3413832.0,838638.0,2848302,1039632,864263,133693,193150675,24436746,"1250000,000","19,549","0,691",N,PKO
I Q 2011,PLN,2720432.0,911468.0,2534607,1084997,871016,124071,172693579,22057677,"1250000,000","17,646","0,697",N,PKO
II Q 2011,PLN,2881882.0,988386.0,2700925,1222234,967298,127310,178701860,20640839,"1250000,000","16,513","0,774",N,PKO
III Q 2011,PLN,3149367.0,953530.0,2819880,1261859,1017025,133698,186996940,21947648,"1250000,000","17,558","0,814",N,PKO
IV Q 2011,PLN,3286081.0,983781.0,2944367,1211770,951856,135082,190748037,22823274,"1250000,000","18,259","0,761",N,PKO
I Q 2010,PLN,2479204.0,920212.0,2317354,902704,719989,118562,156695775,21175302,"1250000,000","16,940","0,576",N,PKO
II Q 2010,PLN,2553972.0,990540.0,2461040,1029134,782348,119658,165699344,22143829,"1250000,000","17,715","0,626",N,PKO
III Q 2010,PLN,2671362.0,976913.0,2627358,1074452,846850,122806,166859159,22827638,"1250000,000","18,262","0,677",N,PKO
IV Q 2010,PLN,2710777.0,993198.0,2616147,1072946,867696,151293,169660501,21357578,"1250000,000","17,086","0,694",N,PKO
I Q 2009,PLN,2236231.0,721199.0,2098902,695159,540685,115016,139388453,14491704,"1000000,000","14,492","0,541",N,PKO
II Q 2009,PLN,2096384.0,804462.0,2079763,800228,609873,114055,142258512,14297785,"1000000,000","14,298","0,610",N,PKO
III Q 2009,PLN,2291475.0,891919.0,2141640,814458,638531,116297,146579427,14787159,"1000000,000","14,787","0,639",N,PKO
IV Q 2009,PLN,2407240.0,917767.0,2286650,633425,516449,123784,156478685,20428541,"1250000,000","16,343","0,413",N,PKO
I Q 2008,PLN,1986756.0,774369.0,2106944,1190038,951162,0,113804731,12847912,"1000000,000","12,848","0,951",N,PKO
II Q 2008,PLN,2188742.0,773957.0,2306179,1160903,897151,0,117622506,12630175,"1000000,000","12,630","0,897",N,PKO
III Q 2008,PLN,2320049.0,789483.0,2356118,1117240,904180,0,122102925,13583142,"1000000,000","13,583","0,904",N,PKO
IV Q 2008,PLN,2536638.0,790457.0,2407904,723985,548125,0,134635986,13951800,"1000000,000","13,952","0,548",N,PKO
I Q 2007,PLN,1496410.0,681374.0,1697922,872556,672472,0,102344943,10764711,"1000000,000","10,765","0,672",N,PKO
II Q 2007,PLN,1531744.0,751071.0,1794459,741455,611067,0,104467641,10378952,"1000000,000","10,379","0,611",N,PKO
III Q 2007,PLN,1683339.0,786612.0,1873173,928627,745322,0,108959447,11091297,"1000000,000","11,091","0,745",N,PKO
IV Q 2007,PLN,1847092.0,818855.0,2048480,1066592,874771,0,108537600,11920949,"1000000,000","11,921","0,875",N,PKO
I Q 2006,PLN,1342800.0,490778.0,1451434,611863,481945,0,94038581,9220076,"1000000,000","9,220","0,482",N,PKO
II Q 2006,PLN,1364442.0,522201.0,1444831,609078,470747,0,95957841,8855519,"1000000,000","8,856","0,471",N,PKO
III Q 2006,PLN,1402169.0,593997.0,1588979,777631,613531,0,97094172,9483573,"1000000,000","9,484","0,614",N,PKO
IV Q 2006,PLN,1474005.0,621181.0,1663688,702916,582829,0,102025707,10078306,"1000000,000","10,078","0,583",N,PKO
I Q 2005,PLN,1454145.0,347450.0,1407130,542758,415801,0,88813763,8321223,"1000000,000","8,321","0,416",N,PKO
II Q 2005,PLN,1425663.0,401762.0,1487867,561364,471555,0,89082117,8030286,"1000000,000","8,030","0,472",N,PKO
III Q 2005,PLN,1385533.0,375285.0,1534155,628678,485420,0,92420853,8382360,"1000000,000","8,382","0,485",N,PKO
IV Q 2005,PLN,1396671.0,413082.0,1269980,434245,362044,0,91613181,8731206,"1000000,000","8,731","0,362",N,PKO
I Q 2004,PLN,1287455.0,381061.0,1331036,540048,411271,0,82486886,7134589,"1000000,000","7,135","0,411",N,PKO
II Q 2004,PLN,1264984.0,453542.0,1411542,535637,444975,0,82661692,7376526,"1000000,000","7,377","0,445",N,PKO
III Q 2004,PLN,1331006.0,499851.0,1295653,430752,342957,137913,86512412,7665451,"1000000,000","7,665","0,343",N,PKO
IV Q 2004,PLN,1429321.0,526938.0,1470008,363378,307502,132826,85954365,8792103,"1000000,000","8,792","0,308",N,PKO
IV Q 2002,PLN,0.0,0.0,0,0,0,0,82240146,5480419,"1000000,000","5,480","0,000",N,PKO
II Q 2003,PLN,0.0,0.0,0,0,0,0,84807868,6094601,"1000000,000","6,095","0,000",N,PKO
III Q 2003,PLN,1245709.0,396978.0,1355481,434718,291996,119672,84646707,6278886,"1000000,000","6,279","0,292",N,PKO
IV Q 2003,PLN,1250004.0,425325.0,1376266,255468,234469,167441,84568065,6399135,"1000000,000","6,399","0,234",N,PKO
 Q 0000,PLN,0.0,0.0,0,0,0,0,0,0,,,,N,PKO
IV Q 2001,,0.0,0.0,0,0,0,0,79329592,3959394,"1000000,000","3,959","0,000",N,PKO
I Q 2023,PLN,2321200.0,250500.0,186200,157000,254700,505200,18900600,9096300,"1056904,853","0,149","8,607",N,ALE
II Q 2023,PLN,2397708.0,303387.0,185843,118954,244489,547876,18741409,9138757,"1056904,853","0,113","8,647",N,ALE
III Q 2023,PLN,2431700.0,387100.0,324500,241700,253200,640300,19128000,9344300,"1056904,853","0,229","8,841",N,ALE
IV Q 2023,PLN,3034817.0,-150979.0,-196431,-233642,871576,720597,18538803,9043326,"1056904,853","-0,221","8,556",N,ALE
I Q 2022,PLN,1392600.0,281300.0,225900,166900,151200,432500,18787600,9729500,"1023255,814","0,163","9,508",N,ALE
II Q 2022,PLN,2210056.0,209023.0,27915,-63499,239961,448984,21283783,10942746,"1056904,853","-0,060","10,354",N,ALE
III Q 2022,PLN,2319500.0,-2044800.0,-2155400,-2199800,2535900,491100,19415700,8866600,"1056904,853","-2,081","8,389",N,ALE
IV Q 2022,PLN,3082816.0,372473.0,262146,179604,255663,628136,19205795,8981259,"1056904,853","0,170","8,498",N,ALE
I Q 2021,PLN,1210203.0,406196.0,355187,269648,121285,527481,15487790,8406270,"1023255,814","0,264","8,215",N,ALE
II Q 2021,PLN,1308122.0,421791.0,370654,295869,125777,547568,15756001,8737948,"1023255,814","0,289","8,539",N,ALE
III Q 2021,PLN,1233869.0,323149.0,380712,324366,133916,457065,16217065,9116807,"1023255,814","0,317","8,910",N,ALE
IV Q 2021,PLN,1600677.0,321810.0,251569,199736,139817,461627,16869877,9454065,"1023255,814","0,195","9,239",N,ALE
I Q 2020,PLN,751163.0,235957.0,138077,104334,114230,350187,0,0,"1000000,000","0,104","0,000",N,ALE
II Q 2020,PLN,1018985.0,324412.0,238618,185610,113975,438387,14475535,6910800,"1000000,000","0,186","6,911",N,ALE
III Q 2020,PLN,928695.0,167763.0,-84681,-130632,116961,284724,14516137,6806854,"1000000,000","-0,131","6,807",N,ALE
IV Q 2020,PLN,1298968.0,394911.0,324693,260882,118623,513534,15147880,8089596,"1023255,814","0,255","7,906",N,ALE
IV Q 2017,PLN,0.0,0.0,0,0,0,0,14565990,8804626,"1000000,000","0,000","8,805",N,ALE
IV Q 2018,PLN,0.0,0.0,0,0,0,0,14762341,9056693,"1000000,000","0,000","9,057",N,ALE
III Q 2019,PLN,620187.0,210624.0,100374,73034,109164,319788,0,0,"1000000,000","0,073","0,000",N,ALE
IV Q 2019,PLN,805647.0,267281.0,166342,122908,113276,380557,14278013,6670220,"1000000,000","0,123","6,670",N,ALE
IV Q 2022,PLN,21455000.0,-760000.0,-778000,-614000,1103000,343000,105778000,53538000,"2243712,994","-0,274","23,861",N,PGE
I Q 2023,PLN,27208000.0,2343000.0,2361000,1724000,1084000,3427000,120452000,54918000,"2243712,994","0,768","24,476",N,PGE
II Q 2023,PLN,22352000.0,1206000.0,716000,352000,1239000,2445000,111049000,54303000,"2243712,994","0,157","24,202",N,PGE
III Q 2023,PLN,21515000.0,1206000.0,1176000,953000,1252000,2458000,113734000,55725000,"2243712,994","0,425","24,836",N,PGE
IV Q 2021,PLN,19880000.0,993000.0,833000,721000,1178000,2171000,89274000,47494000,"2241526,140","0,322","21,188",N,PGE
I Q 2022,PLN,16897000.0,1550000.0,1389000,1022000,1065000,2615000,94966000,48857000,"2241526,140","0,456","21,796",N,PGE
II Q 2022,PLN,15728000.0,2704000.0,2611000,2266000,1073000,3777000,93292000,54721000,"2243712,994","1,010","24,389",N,PGE
III Q 2022,PLN,19355000.0,805000.0,888000,654000,1121000,1926000,98164000,55846000,"2243712,994","0,291","24,890",N,PGE
IV Q 2020,PLN,12670000.0,668000.0,522000,525000,947000,1615000,81594000,42518000,"2241526,140","0,234","18,968",N,PGE
I Q 2021,PLN,11942000.0,1164000.0,1024000,808000,1042000,2206000,84223000,43397000,"2241526,140","0,360","19,360",N,PGE
II Q 2021,PLN,10008000.0,1994000.0,2186000,1882000,1054000,3048000,79555000,45125000,"2241526,140","0,840","20,131",N,PGE
III Q 2021,PLN,10942000.0,972000.0,828000,561000,1138000,2110000,85977000,46196000,"2241526,140","0,250","20,609",N,PGE
IV Q 2019,PLN,10048000.0,-7242000.0,-7467000,-6134000,8311000,1069000,77650000,42289000,"2241526,140","-2,737","18,866",N,PGE
I Q 2020,PLN,12591000.0,773000.0,609000,432000,996000,1769000,80970000,42842000,"2241526,140","0,193","19,113",N,PGE
II Q 2020,PLN,10185000.0,-502000.0,-1153000,-1120000,1538000,1036000,75125000,41380000,"2241526,140","-0,500","18,461",N,PGE
III Q 2020,PLN,10320000.0,469000.0,336000,273000,1077000,1546000,77166000,41784000,"2241526,140","0,122","18,641",N,PGE
IV Q 2018,PLN,6984000.0,116000.0,33000,-199000,1115000,1231000,75905000,46727000,"2241526,140","-0,089","20,846",N,PGE
I Q 2019,PLN,9561000.0,859000.0,753000,585000,939000,1798000,78794000,47273000,"2241526,140","0,261","21,090",N,PGE
II Q 2019,PLN,8675000.0,1587000.0,1487000,1117000,1010000,2597000,79901000,48175000,"2241526,140","0,498","21,492",N,PGE
III Q 2019,PLN,9343000.0,621000.0,524000,471000,1056000,1677000,82130000,48711000,"2241526,140","0,210","21,731",N,PGE
IV Q 2017,PLN,6407000.0,-263000.0,-402000,-360000,1807000,1544000,72183000,45128000,"2241526,140","-0,161","20,133",N,PGE
I Q 2018,PLN,7137000.0,1315000.0,1225000,935000,899000,2214000,72187000,46469000,"2241526,140","0,417","20,731",N,PGE
II Q 2018,PLN,5734000.0,544000.0,441000,346000,945000,1489000,71042000,46842000,"2241526,140","0,154","20,897",N,PGE
III Q 2018,PLN,6091000.0,507000.0,493000,416000,934000,1441000,73503000,47196000,"2241526,140","0,186","21,055",N,PGE
IV Q 2016,PLN,7529000.0,1665000.0,1690000,1366000,923000,2588000,67474000,42679000,"2241526,140","0,609","19,040",N,PGE
I Q 2017,PLN,5741000.0,1201000.0,1147000,964000,748000,1949000,67320000,43607000,"2241526,140","0,430","19,454",N,PGE
II Q 2017,PLN,4879000.0,731000.0,664000,533000,765000,1496000,67129000,44114000,"2241526,140","0,238","19,680",N,PGE
III Q 2017,PLN,6073000.0,1883000.0,1813000,1463000,778000,2661000,67844000,45590000,"2241526,140","0,653","20,339",N,PGE
IV Q 2015,PLN,7382000.0,1273000.0,1216000,994000,741000,2014000,61296000,40321000,"2186854,771","0,455","18,438",N,PGE
I Q 2016,PLN,7133000.0,1123000.0,1075000,870000,699000,1822000,60874000,41192000,"2186854,771","0,398","18,836",N,PGE
II Q 2016,PLN,6533000.0,-171000.0,-320000,-324000,1493000,1322000,60980000,40434000,"2186854,771","-0,148","18,490",N,PGE
III Q 2016,PLN,6897000.0,895000.0,829000,656000,749000,1644000,65632000,40989000,"2186854,771","0,300","18,743",N,PGE
IV Q 2014,PLN,7286000.0,633000.0,608000,439000,847000,1480000,66205000,44768000,"2186854,771","0,201","20,471",N,PGE
I Q 2015,PLN,7553000.0,1416000.0,1362000,1095000,818000,2234000,66168000,45916000,"2186854,771","0,501","20,996",N,PGE
II Q 2015,PLN,6692000.0,-7590000.0,-7597000,-6150000,9682000,2092000,57468000,38430000,"2186854,771","-2,812","17,573",N,PGE
III Q 2015,PLN,6915000.0,1312000.0,1263000,1029000,576000,1888000,59857000,39455000,"2186854,771","0,471","18,042",N,PGE
IV Q 2013,PLN,7563000.0,747000.0,766000,644000,751000,1498000,61252000,43540000,"2186854,771","0,294","19,910",N,PGE
I Q 2014,PLN,6929000.0,978000.0,983000,790000,745000,1723000,61421000,44335000,"2186854,771","0,361","20,273",N,PGE
II Q 2014,PLN,7279000.0,2548000.0,2537000,2031000,802000,3350000,64418000,44263000,"2186854,771","0,929","20,240",N,PGE
III Q 2014,PLN,6649000.0,937000.0,485000,378000,803000,1740000,63915000,44609000,"2186854,771","0,173","20,399",N,PGE
IV Q 2012,PLN,8633485.0,-388296.0,-401362,-340407,764308,376012,56703604,40716929,"2186854,771","-0,156","18,619",N,PGE
I Q 2013,PLN,7792000.0,1381000.0,1362000,1095000,734000,2115000,56552000,41815000,"2186854,771","0,501","19,121",N,PGE
II Q 2013,PLN,7309000.0,1387000.0,1355000,1098000,795000,2182000,59184000,41301000,"2186854,771","0,502","18,886",N,PGE
III Q 2013,PLN,7481000.0,1332000.0,1365000,1111000,702000,2034000,59348000,42406000,"2186854,771","0,508","19,391",N,PGE
IV Q 2011,PLN,7250405.0,199980.0,2183160,1820290,735439,935419,58762631,40699616,"2186881,552","0,832","18,611",N,PGE
I Q 2012,PLN,7908227.0,1959119.0,2074665,1637873,713481,2672600,62024388,42369926,"2186881,552","0,749","19,375",N,PGE
II Q 2012,PLN,7005864.0,1406172.0,1416981,1065759,719730,2125902,60247410,40040084,"2186854,771","0,487","18,309",N,PGE
III Q 2012,PLN,6933500.0,1400764.0,1536758,1253029,734857,2135621,58267624,41291428,"2186854,771","0,573","18,882",N,PGE
IV Q 2010,PLN,5498583.0,882655.0,994654,743641,668862,1551517,53879991,36958707,"2186881,552","0,340","16,900",N,PGE
I Q 2011,PLN,7268792.0,1476668.0,1528165,1205924,659075,2135743,57426067,38166023,"2186881,552","0,551","17,452",N,PGE
II Q 2011,PLN,6646540.0,1184087.0,1243104,1012866,666391,1850478,55240262,37962742,"2186881,552","0,463","17,359",N,PGE
III Q 2011,PLN,6945617.0,1229559.0,1156779,853615,649651,1879210,0,0,"2186881,552","0,390","0,000",N,PGE
IV Q 2009,PLN,6140520.0,1114584.0,1362568,848813,701284,1815868,54447798,31168324,"2023497,076","0,419","15,403",N,PGE
I Q 2010,PLN,5321245.0,1371921.0,1375015,899097,657863,2029784,54549855,32104859,"2023497,076","0,444","15,866",N,PGE
II Q 2010,PLN,4811468.0,1021164.0,902566,600374,655559,1676723,53995219,31329006,"2023497,076","0,297","15,483",N,PGE
III Q 2010,PLN,4840134.0,873496.0,967918,747157,672926,1546422,0,0,"2186881,552","0,342","0,000",N,PGE
IV Q 2008,PLN,4499717.0,816085.0,877179,512603,670106,1486191,47192261,22809657,"1719972,515","0,298","13,262",N,PGE
I Q 2009,PLN,5347535.0,1641571.0,1455707,873148,645004,2286575,47423420,23678206,"1719972,515","0,508","13,767",N,PGE
II Q 2009,PLN,5221120.0,1400908.0,1419455,921507,650698,2051606,48199798,23550591,"1719972,515","0,536","13,692",N,PGE
III Q 2009,PLN,4914175.0,1187666.0,1140804,727244,641690,1829356,48080632,24216959,"1719972,515","0,423","14,080",N,PGE
IV Q 2006,PLN,0.0,0.0,0,0,0,0,54987902,27301840,"1719972,515","0,000","15,873",N,PGE
IV Q 2007,PLN,0.0,0.0,0,0,0,0,45309350,21252414,"1719972,515","0,000","12,356",N,PGE
III Q 2008,PLN,4219794.0,826830.0,736626,475702,579919,1406749,0,0,"1719972,515","0,277","0,000",N,PGE
I Q 2023,PLN,110270000.0,12575000.0,13345000,9006000,2878000,15453000,279004000,149294000,"1160942,049","7,757","128,597",N,PKN
II Q 2023,PLN,74621000.0,5370000.0,6352000,4590000,2872000,8242000,251640000,147766000,"1160942,049","3,954","127,281",N,PKN
III Q 2023,PLN,75424000.0,5583000.0,4998000,3464000,2834000,8417000,255837000,151272000,"1160942,049","2,984","130,301",N,PKN
IV Q 2023,PLN,98327000.0,8841000.0,9788000,7353000,3557000,12398000,280070000,164763000,"1160942,049","6,334","141,922",N,PKN
I Q 2022,PLN,45447000.0,3533000.0,3436000,2770000,1400000,4933000,123006000,54612000,"427709,061","6,476","127,685",N,PKN
II Q 2022,PLN,57804000.0,5218000.0,4996000,3612000,1447000,6665000,122140000,57088000,"427709,061","8,445","133,474",N,PKN
III Q 2022,PLN,72915000.0,17330000.0,16556000,14679000,1549000,18879000,168654000,85966000,"626447,925","23,432","137,228",N,PKN
IV Q 2022,PLN,106268000.0,22257000.0,22830000,18593000,3328000,25585000,313189000,142048000,"1160942,049","16,015","122,356",N,PKN
I Q 2021,PLN,24562000.0,2252000.0,2161000,1845000,1311000,3563000,92039000,43581000,"427709,061","4,314","101,894",N,PKN
II Q 2021,PLN,29423000.0,2755000.0,2854000,2227000,1294000,4049000,95892000,44580000,"427709,061","5,207","104,230",N,PKN
III Q 2021,PLN,36442000.0,3858000.0,3557000,2909000,1328000,5186000,101268000,47457000,"427709,061","6,801","110,956",N,PKN
IV Q 2021,PLN,40914000.0,5005000.0,5111000,4141000,1408000,6413000,106754000,51707000,"427709,061","9,682","120,893",N,PKN
I Q 2020,PLN,22077000.0,-1904000.0,-2562000,-2244000,935000,-969000,68361000,36322000,"427709,061","-5,247","84,922",N,PKN
II Q 2020,PLN,17010000.0,4335000.0,4449000,4350000,1128000,5463000,82064000,39842000,"427709,061","10,170","93,152",N,PKN
III Q 2020,PLN,23918000.0,1057000.0,822000,651000,1188000,2245000,81784000,40184000,"427709,061","1,522","93,952",N,PKN
IV Q 2020,PLN,23175000.0,420000.0,147000,-2000,1306000,1726000,84048000,41596000,"427709,061","-0,005","97,253",N,PKN
I Q 2019,PLN,25246000.0,996000.0,994000,849000,833000,1829000,68983000,36413000,"427709,061","1,985","85,135",N,PKN
II Q 2019,PLN,29228000.0,2101000.0,2123000,1602000,846000,2947000,70770000,36630000,"427709,061","3,746","85,642",N,PKN
III Q 2019,PLN,29229000.0,1830000.0,1567000,1266000,893000,2723000,71551000,38216000,"427709,061","2,960","89,350",N,PKN
IV Q 2019,PLN,27500000.0,469000.0,668000,583000,925000,1394000,71202000,38596000,"427709,061","1,363","90,239",N,PKN
I Q 2018,PLN,23241000.0,1414000.0,1245000,1042000,626000,2040000,60092000,32227000,"427709,061","2,436","75,348",N,PKN
II Q 2018,PLN,26701000.0,2374000.0,2232000,1744000,673000,3047000,64571000,32912000,"427709,061","4,078","76,950",N,PKN
III Q 2018,PLN,30344000.0,2291000.0,2548000,2063000,677000,2968000,67456000,34836000,"427709,061","4,823","81,448",N,PKN
IV Q 2018,PLN,29420000.0,1326000.0,1275000,897000,697000,2023000,64141000,35727000,"427709,061","2,097","83,531",N,PKN
I Q 2017,PLN,22875000.0,2276000.0,2539000,1920000,562000,2838000,54595000,28864000,"427709,061","4,489","67,485",N,PKN
II Q 2017,PLN,23025000.0,2120000.0,2123000,1541000,581000,2701000,56489000,29110000,"427709,061","3,603","68,060",N,PKN
III Q 2017,PLN,24730000.0,2274000.0,2060000,1603000,616000,2890000,59076000,30827000,"427709,061","3,748","72,075",N,PKN
IV Q 2017,PLN,24734000.0,1987000.0,1995000,1591000,662000,2649000,60664000,32197000,"427709,061","3,720","75,278",N,PKN
I Q 2016,PLN,16213000.0,478000.0,434000,337000,515000,993000,48217000,22427000,"427709,061","0,788","52,435",N,PKN
II Q 2016,PLN,19355000.0,2491000.0,2036000,1608000,508000,2999000,51809000,23352000,"427709,061","3,760","54,598",N,PKN
III Q 2016,PLN,21083000.0,1774000.0,1927000,1527000,537000,2311000,51604000,24860000,"427709,061","3,570","58,124",N,PKN
IV Q 2016,PLN,22902000.0,2789000.0,2490000,1789000,550000,3339000,55559000,26763000,"427709,061","4,183","62,573",N,PKN
I Q 2015,PLN,20005000.0,1210000.0,1034000,756000,452000,1662000,46535000,19700000,"427709,061","1,768","46,059",N,PKN
II Q 2015,PLN,24776000.0,2163000.0,1951000,1367000,464000,2627000,49025000,20515000,"427709,061","3,196","47,965",N,PKN
III Q 2015,PLN,23468000.0,1156000.0,1055000,795000,469000,1625000,49866000,22091000,"427709,061","1,859","51,650",N,PKN
IV Q 2015,PLN,20087000.0,-189000.0,-342000,-81000,510000,321000,48137000,22173000,"427709,061","-0,189","51,841",N,PKN
I Q 2014,PLN,24119000.0,254000.0,154000,64000,522000,776000,53006000,25916000,"427709,061","0,150","60,593",N,PKN
II Q 2014,PLN,28651000.0,-4817000.0,-5730000,-5197000,524000,-4293000,50607000,20703000,"427709,061","-12,151","48,404",N,PKN
III Q 2014,PLN,29160000.0,1001000.0,744000,538000,460000,1461000,50984000,21158000,"427709,061","1,258","49,468",N,PKN
IV Q 2014,PLN,24902000.0,-1149000.0,-1414000,-1216000,485000,-664000,46725000,18771000,"427709,061","-2,843","43,887",N,PKN
I Q 2013,PLN,27450000.0,334000.0,113000,149000,523000,857000,53713792,26755257,"427709,061","0,348","62,555",N,PKN
II Q 2013,PLN,28221000.0,-140000.0,-265000,-207000,520000,380000,54494576,25927638,"427709,061","-0,484","60,620",N,PKN
III Q 2013,PLN,30304000.0,601000.0,806000,655000,526000,1127000,53619807,26561903,"427709,061","1,531","62,103",N,PKN
IV Q 2013,PLN,27622000.0,-488000.0,-498000,-421000,542000,54000,51352000,25948000,"427709,061","-0,984","60,667",N,PKN
I Q 2012,PLN,29247466.0,938256.0,1531801,1260158,578585,1516841,58898109,25690361,"427709,061","2,946","60,065",N,PKN
II Q 2012,PLN,27954845.0,375375.0,98379,-5242,543036,918411,56338785,25392864,"427709,061","-0,012","59,369",N,PKN
III Q 2012,PLN,31654042.0,1449255.0,1667262,1366135,561915,2011170,57648688,26864945,"427709,061","3,194","62,811",N,PKN
IV Q 2012,PLN,31245000.0,-739000.0,-673000,-276000,577000,-162000,52631000,26479000,"427709,061","-0,645","61,909",N,PKN
I Q 2011,PLN,22673949.0,1403045.0,1375291,1104510,554331,1957376,54312677,23211515,"427709,061","2,582","54,269",N,PKN
II Q 2011,PLN,25641150.0,1132468.0,1119026,898649,576743,1709211,54472238,23825703,"427709,061","2,101","55,705",N,PKN
III Q 2011,PLN,28682328.0,779110.0,-288186,-258485,614167,1393277,58235280,23878367,"427709,061","-0,604","55,829",N,PKN
IV Q 2011,PLN,29975647.0,-1059852.0,585610,618723,634707,-425145,58731478,24533773,"427709,061","1,447","57,361",N,PKN
I Q 2010,PLN,17442075.0,503497.0,791324,593111,600619,1104116,49211884,19497298,"427709,061","1,387","45,585",N,PKN
II Q 2010,PLN,21068424.0,1208933.0,117552,-5245,612366,1821299,52105155,19874944,"427709,061","-0,012","46,468",N,PKN
III Q 2010,PLN,22105709.0,878875.0,1463499,1242471,613855,1492730,50363936,20990870,"427709,061","2,905","49,077",N,PKN
IV Q 2010,PLN,22931224.0,783356.0,697792,541021,595907,1379263,51149792,21627938,"427709,061","1,265","50,567",N,PKN
I Q 2009,PLN,14701857.0,-267903.0,-1271301,-1094873,651408,383505,49795314,17345512,"427709,061","-2,560","40,554",N,PKN
II Q 2009,PLN,16770079.0,660907.0,1334753,1170665,656349,1317256,50120297,18373179,"427709,061","2,737","42,957",N,PKN
III Q 2009,PLN,18649115.0,506229.0,1108123,930601,627110,1133339,49094724,19063822,"427709,061","2,176","44,572",N,PKN
IV Q 2009,PLN,17806939.0,377286.0,269077,302128,631406,1008692,49088070,19037903,"427709,061","0,706","44,511",N,PKN
I Q 2008,PLN,17938433.0,565073.0,790523,626268,586922,1151995,46785997,20223724,"427709,061","1,464","47,284",N,PKN
II Q 2008,PLN,22093518.0,1646323.0,2137653,1740600,607309,2253632,48152549,20928061,"427709,061","4,070","48,931",N,PKN
III Q 2008,PLN,23056543.0,512256.0,124307,21118,607535,1119791,49606941,21303347,"427709,061","0,049","49,808",N,PKN
IV Q 2008,PLN,16444731.0,-4326974.0,-5967886,-4893228,689617,-3637357,46975750,17813091,"427709,061","-11,441","41,648",N,PKN
I Q 2007,PLN,13408224.0,374762.0,215250,49201,619624,994386,45170682,18856663,"427709,061","0,115","44,088",N,PKN
II Q 2007,PLN,16218297.0,1291717.0,1509532,1135727,581632,1873349,45866855,19535495,"427709,061","2,655","45,675",N,PKN
III Q 2007,PLN,17264536.0,833822.0,610755,593412,603841,1437663,45320035,19916102,"427709,061","1,387","46,565",N,PKN
IV Q 2007,PLN,16901926.0,103581.0,675528,634069,626326,729907,46102825,19935335,"427709,061","1,482","46,610",N,PKN
I Q 2006,PLN,11330649.0,416106.0,442875,347702,566310,982416,33808525,17188086,"427709,061","0,813","40,186",N,PKN
II Q 2006,PLN,13544538.0,1179152.0,1150863,870238,464519,1643671,35566553,18179630,"427709,061","2,035","42,505",N,PKN
III Q 2006,PLN,14879076.0,1147630.0,1316862,965858,532767,1680397,36558672,19092331,"427709,061","2,258","44,639",N,PKN
IV Q 2006,PLN,13112926.0,-168026.0,-181253,-197832,544531,376505,45419084,18850940,"427709,061","-0,463","44,074",N,PKN
I Q 2005,PLN,6805908.0,797953.0,820771,667527,288137,1086090,21144259,12305503,"427709,061","1,561","28,771",N,PKN
II Q 2005,PLN,9955048.0,2585682.0,2813959,2560212,329302,2914984,32976560,14952972,"427709,061","5,986","34,961",N,PKN
III Q 2005,PLN,13074428.0,1090777.0,1221227,985238,531698,1622475,32959053,15903680,"427709,061","2,304","37,183",N,PKN
IV Q 2005,PLN,11352883.0,443812.0,483264,365479,619094,1062906,33404311,16671837,"427709,061","0,855","38,979",N,PKN
I Q 2004,PLN,6340215.0,527457.0,479263,352651,300704,828161,17496597,9525405,"427709,061","0,825","22,271",N,PKN
II Q 2004,PLN,7472937.0,588940.0,693085,550551,326610,915550,19466277,11094181,"427709,061","1,287","25,939",N,PKN
III Q 2004,PLN,8504215.0,997378.0,1066923,832792,272420,1269798,20273761,11971453,"427709,061","1,947","27,990",N,PKN
IV Q 2004,PLN,8399241.0,555530.0,853224,703274,260107,815637,20869475,13191608,"427709,061","1,644","30,842",N,PKN
I Q 2003,PLN,6980240.0,598692.0,528328,381634,271150,869842,17056770,8342376,"336141,710","1,135","24,818",N,PKN
II Q 2003,PLN,8263106.0,185311.0,242679,173248,265634,450945,16696903,8460638,"336141,710","0,515","25,170",N,PKN
III Q 2003,PLN,9113322.0,362864.0,308817,257130,268909,631773,16978229,8733475,"336141,710","0,765","25,982",N,PKN
IV Q 2003,PLN,9364266.0,156982.0,174477,213851,270792,427774,16983391,9155986,"427709,061","0,500","21,407",N,PKN
I Q 2002,PLN,5763988.0,182809.0,110504,68667,250057,432866,14408504,7571096,"336141,710","0,204","22,524",N,PKN
II Q 2002,PLN,6289790.0,216530.0,190785,130474,254164,470694,14430840,7648424,"336141,710","0,388","22,754",N,PKN
III Q 2002,PLN,7161047.0,289743.0,258539,177146,256619,546362,14836226,7867066,"336141,710","0,527","23,404",N,PKN
IV Q 2002,PLN,7113554.0,69531.0,212604,103048,261681,331212,14783526,7927014,"336141,710","0,307","23,582",N,PKN
I Q 2001,PLN,5796488.0,74857.0,40475,26251,211485,286342,14461834,7185372,"336141,710","0,078","21,376",N,PKN
II Q 2001,PLN,6465714.0,317141.0,288311,212811,231653,548794,14532787,7373408,"336141,710","0,633","21,935",N,PKN
III Q 2001,PLN,6986888.0,196989.0,111241,82458,224718,421707,14624012,7456046,"336141,710","0,245","22,181",N,PKN
IV Q 2001,PLN,6623243.0,66519.0,56178,44346,238429,304948,14109041,7501139,"336141,710","0,132","22,315",N,PKN
I Q 2000,PLN,5584391.0,209066.0,207368,157805,181201,390267,12118621,6449903,"336141,710","0,469","19,188",N,PKN
II Q 2000,PLN,6663384.0,298296.0,200326,135315,187897,486193,12676577,6572088,"336141,710","0,403","19,552",N,PKN
III Q 2000,PLN,7298690.0,640395.0,546019,387795,206252,846647,13365473,6959883,"336141,710","1,154","20,705",N,PKN
IV Q 2000,PLN,7313442.0,278833.0,173569,123935,235859,514692,13604449,7086147,"336141,710","0,369","21,081",N,PKN
 Q 0000,PLN,11034277.0,609167.0,762055,659611,1,609168,19019413,11427296,"427709,061","1,542","26,717",N,PKN
IV Q 1998,PLN,0.0,0.0,0,0,0,0,9129033,5590647,"0,000",,,N,PKN
II Q 1999,PLN,0.0,0.0,0,0,0,0,8497025,4921108,"0,000",,,N,PKN
IV Q 1999,,0.0,0.0,0,0,0,0,11577935,6292105,"336141,710","0,000","18,719",N,PKN
 Q 0000,,24734000.0,1987000.0,1995000,1591000,662000,2649000,60664000,32197000,,,,N,PKN
IV Q 2022,CZK,76374000.0,36737000.0,36347000,28447000,9488000,46225000,1107380000,258886000,"537989,759","52,876","481,210",N,CEZ
I Q 2023,CZK,92777000.0,24298000.0,24393000,10772000,9394000,33692000,943093000,285905000,"537989,759","20,023","531,432",N,CEZ
II Q 2023,CZK,74266000.0,21020000.0,19678000,11458000,9481000,30501000,894730000,223440000,"537989,759","21,298","415,324",N,CEZ
III Q 2023,CZK,76184000.0,21815000.0,19336000,7532000,10004000,31819000,789459000,233618000,"537989,759","14,000","434,242",N,CEZ
IV Q 2021,CZK,71267000.0,2294000.0,2583000,3231000,10949000,13243000,1183081000,161098000,"537989,759","6,006","299,444",N,CEZ
I Q 2022,CZK,70930000.0,36168000.0,33393000,26709000,8605000,44773000,1367773000,164986000,"537989,759","49,646","306,671",N,CEZ
II Q 2022,CZK,53811000.0,8061000.0,8298000,6925000,8507000,16568000,1467923000,103765000,"537989,759","12,872","192,875",N,CEZ
III Q 2022,CZK,79938000.0,20961000.0,21585000,18705000,10064000,31025000,1653964000,87830000,"537989,759","34,768","163,256",N,CEZ
IV Q 2020,CZK,56896000.0,-10577000.0,-9564000,-7823000,7347000,-3230000,702458000,233871000,"537989,759","-14,541","434,713",N,CEZ
I Q 2021,CZK,58214000.0,11235000.0,10419000,8404000,7715000,18950000,738067000,242722000,"537989,759","15,621","451,165",N,CEZ
II Q 2021,CZK,48530000.0,-5091000.0,-6147000,-6971000,8150000,3059000,844245000,200576000,"537989,759","-12,957","372,825",N,CEZ
III Q 2021,CZK,46811000.0,7660000.0,6571000,5127000,8924000,16584000,1226565000,179040000,"537989,759","9,530","332,794",N,CEZ
IV Q 2019,CZK,56589000.0,4345000.0,1684000,935000,8698000,13043000,704574000,250761000,"537989,759","1,738","466,107",N,CEZ
I Q 2020,CZK,56033000.0,18807000.0,17192000,13805000,8359000,27166000,783393000,268339000,"537989,759","25,660","498,781",N,CEZ
II Q 2020,CZK,48189000.0,3153000.0,1057000,632000,8512000,11665000,699881000,246595000,"537989,759","1,175","458,364",N,CEZ
III Q 2020,CZK,48404000.0,1202000.0,-779000,-1176000,8263000,9465000,672795000,244820000,"537989,759","-2,186","455,064",N,CEZ
IV Q 2018,CZK,51492000.0,3040000.0,1955000,1336000,8194000,11234000,707443000,234721000,"537989,759","2,483","436,293",N,CEZ
I Q 2019,CZK,50983000.0,13801000.0,12215000,9824000,7986000,21787000,675762000,251585000,"537989,759","18,261","467,639",N,CEZ
II Q 2019,CZK,47014000.0,6040000.0,4161000,3529000,8275000,14315000,678804000,242984000,"537989,759","6,560","451,652",N,CEZ
III Q 2019,CZK,47195000.0,2243000.0,351000,85000,8153000,10396000,671957000,243383000,"537989,759","0,158","452,393",N,CEZ
IV Q 2017,CZK,54833000.0,6202000.0,3292000,2665000,7805000,14007000,623906000,250018000,"537989,759","4,954","464,726",N,CEZ
I Q 2018,CZK,45596000.0,10399000.0,8903000,7121000,8071000,18470000,625839000,261207000,"537989,759","13,236","485,524",N,CEZ
II Q 2018,CZK,39317000.0,2278000.0,420000,388000,7974000,10252000,671642000,238342000,"537989,759","0,721","443,023",N,CEZ
III Q 2018,CZK,44913000.0,4042000.0,2239000,1482000,7927000,11969000,742879000,233039000,"537989,759","2,755","433,166",N,CEZ
IV Q 2016,CZK,58153000.0,4516000.0,1067000,-161000,8387000,12903000,630841000,256812000,"537989,759","-0,299","477,355",N,CEZ
I Q 2017,CZK,52370000.0,11655000.0,10661000,8569000,8420000,20075000,616647000,266562000,"537989,759","15,928","495,478",N,CEZ
II Q 2017,CZK,46367000.0,5586000.0,8771000,7745000,8379000,13965000,592588000,252752000,"537989,759","14,396","469,808",N,CEZ
III Q 2017,CZK,45430000.0,2177000.0,29000,-214000,8426000,10603000,612799000,249318000,"537989,759","-0,398","463,425",N,CEZ
IV Q 2015,CZK,56765000.0,4338000.0,6006000,4077000,8024000,12362000,602686000,267893000,"537989,759","7,578","497,952",N,CEZ
I Q 2016,CZK,51387000.0,12967000.0,12191000,9876000,8024000,20991000,625757000,281284000,"537989,759","18,357","522,843",N,CEZ
II Q 2016,CZK,46782000.0,5031000.0,4906000,3753000,8024000,13055000,611060000,259973000,"537989,759","6,976","483,230",N,CEZ
III Q 2016,CZK,45687000.0,3600000.0,1164000,813000,7701000,11301000,608069000,260024000,"537989,759","1,511","483,325",N,CEZ
IV Q 2014,CZK,51291000.0,8123000.0,4262000,2590000,7891000,16014000,627870000,261308000,"537989,759","4,814","485,712",N,CEZ
I Q 2015,CZK,53735000.0,12027000.0,9576000,7515000,8181000,20208000,633292000,271512000,"537989,759","13,969","504,679",N,CEZ
II Q 2015,CZK,48845000.0,9273000.0,9598000,7860000,7939000,17212000,614106000,259001000,"537989,759","14,610","481,424",N,CEZ
III Q 2015,CZK,47329000.0,3323000.0,1715000,1287000,7891000,11214000,609237000,261417000,"537989,759","2,392","485,914",N,CEZ
IV Q 2013,CZK,55281000.0,7183000.0,5682000,3476000,7950000,15133000,640394000,258076000,"537989,759","6,461","479,704",N,CEZ
I Q 2014,CZK,53157000.0,14374000.0,12405000,9912000,7734000,22108000,647780000,268709000,"537989,759","18,424","499,469",N,CEZ
II Q 2014,CZK,48549000.0,9724000.0,9092000,7360000,7760000,17484000,634651000,255265000,"537989,759","13,681","474,479",N,CEZ
III Q 2014,CZK,45309000.0,4725000.0,2897000,2541000,7676000,12401000,599332000,257154000,"537989,759","4,723","477,991",N,CEZ
IV Q 2012,CZK,52621000.0,12458000.0,9861000,7209000,9185000,21643000,636070000,250235000,"537989,759","13,400","465,130",N,CEZ
I Q 2013,CZK,59880000.0,21297000.0,21549000,17807000,7765000,29062000,648657000,267483000,"537989,759","33,099","497,190",N,CEZ
II Q 2013,CZK,53064000.0,13844000.0,12976000,10785000,7781000,21625000,663723000,255488000,"537989,759","20,047","474,894",N,CEZ
III Q 2013,CZK,48763000.0,3366000.0,4199000,3818000,7969000,11335000,636021000,258354000,"537989,759","7,097","480,221",N,CEZ
IV Q 2011,CZK,59199000.0,18023000.0,17822000,14300000,8018000,26041000,598301000,226825000,"537989,759","26,580","421,616",N,CEZ
I Q 2012,CZK,60793000.0,19831000.0,18006000,14818000,7297000,27128000,606276000,246007000,"537989,759","27,543","457,271",N,CEZ
II Q 2012,CZK,52231000.0,15608000.0,15368000,12862000,7133000,22741000,649529000,228806000,"537989,759","23,908","425,298",N,CEZ
III Q 2012,CZK,49450000.0,9186000.0,7722000,6540000,7743000,16929000,625668000,240949000,"537989,759","12,156","447,869",N,CEZ
IV Q 2010,CZK,54460000.0,14933000.0,10082000,7054000,10870000,25803000,544375000,221431000,"537989,759","13,112","411,590",N,CEZ
I Q 2011,CZK,56805000.0,20528000.0,21050000,17235000,7084000,27612000,580805000,237951000,"537989,759","32,036","442,297",N,CEZ
II Q 2011,CZK,46749000.0,11140000.0,8452000,6739000,6959000,18099000,576165000,217988000,"537989,759","12,526","405,190",N,CEZ
III Q 2011,CZK,47008000.0,11851000.0,4628000,2482000,7262000,19113000,0,0,"537989,759","4,613","0,000",N,CEZ
IV Q 2009,CZK,55536000.0,13727000.0,6969000,4748000,10475000,24202000,530259000,200361000,"537989,759","8,825","372,425",N,CEZ
I Q 2010,CZK,53886000.0,21691000.0,21463000,17455000,6632000,28323000,530077000,220746000,"537989,759","32,445","410,316",N,CEZ
II Q 2010,CZK,44797000.0,14039000.0,13267000,11186000,6626000,20665000,560961000,201307000,"537989,759","20,792","374,184",N,CEZ
III Q 2010,CZK,45705000.0,14125000.0,13868000,11356000,6501000,20626000,0,0,"537989,759","21,108","0,000",N,CEZ
IV Q 2008,CZK,49817000.0,11963000.0,8163000,5625000,6942000,18905000,473175000,173252000,"592210,843","9,498","292,551",N,CEZ
I Q 2009,CZK,53952000.0,24797000.0,23980000,19091000,6092000,30889000,500561000,187189000,"537989,759","35,486","347,942",N,CEZ
II Q 2009,CZK,43109000.0,16047000.0,19176000,15766000,6192000,22239000,501350000,177231000,"537989,759","29,305","329,432",N,CEZ
III Q 2009,CZK,43755000.0,13628000.0,14821000,11942000,6190000,19818000,0,0,"537989,759","22,197","0,000",N,CEZ
IV Q 2007,CZK,51067000.0,14264000.0,12607000,12642000,6837000,21101000,0,0,"592210,843","21,347","0,000",N,CEZ
I Q 2008,CZK,48605000.0,21560000.0,19843000,15515000,6293000,27853000,388435000,178919000,"592210,843","26,198","302,120",N,CEZ
II Q 2008,CZK,41816000.0,16417000.0,16924000,13068000,5974000,22391000,442252000,168160000,"592210,843","22,066","283,953",N,CEZ
III Q 2008,CZK,41400000.0,16338000.0,15786000,12302000,5535000,21873000,0,0,"592210,843","20,773","0,000",N,CEZ
IV Q 2006,CZK,40655000.0,10123000.0,9273000,6572000,6805000,16928000,368655000,194937000,"592210,843","11,097","329,168",N,CEZ
I Q 2007,CZK,44124000.0,16318000.0,16229000,12681000,6073000,22391000,385360000,207827000,"592210,843","21,413","350,934",N,CEZ
II Q 2007,CZK,39038000.0,11005000.0,10923000,7814000,6145000,17150000,383154000,191604000,"592210,843","13,195","323,540",N,CEZ
III Q 2007,CZK,40334000.0,11616000.0,11392000,8418000,6047000,17663000,0,0,"592210,843","14,215","0,000",N,CEZ
IV Q 2005,CZK,35681000.0,6200000.0,7382000,6857000,0,6200000,324209000,176673000,"592210,843","11,579","298,328",N,CEZ
I Q 2006,CZK,40653000.0,14822000.0,13707000,9989000,6413000,21235000,0,0,"592210,843","16,867","0,000",N,CEZ
II Q 2006,CZK,33755000.0,8558000.0,7998000,5915000,6208000,14766000,0,0,"592210,843","9,988","0,000",N,CEZ
III Q 2006,CZK,34071000.0,6561000.0,6730000,5221000,8082000,14643000,0,0,"592210,843","8,816","0,000",N,CEZ
